vreme,cena,vol24
1790425945833,0.22020394859915604,11534257.30937358
1790426057409,0.22004734522511146,7343488.245768351
1790428277410,0.22004734522511146,7343488.245768351
1790429171615,0.22004734522511146,7343488.245768351
1790430076990,0.22004734522511146,7343488.245768351
1790430972480,0.22004734522511146,7343488.245768351
1790431879353,0.22004734522511146,7343488.245768351
1790435537182,0.22004734522511146,7343488.245768351
1790437037135,0.22004734522511146,7343488.245768351
1790438599730,0.22004734522511146,7343488.245768351
1790439492290,0.22004734522511146,7343488.245768351
1790440398714,0.22004734522511146,7343488.245768351
1790441294345,0.22814824140164766,8823726.13636098
1790442198816,0.22814824140164766,8823726.13636098
1790443096218,0.22814824140164766,8823726.13636098
1790443996491,0.22814824140164766,8823726.13636098
1790444897904,0.22814824140164766,8823726.13636098
1790445795904,0.2261639826902701,12550693.6312241
1790446666891,0.2261639826902701,12550693.6312241
1790447598678,0.226277860227,6731466.9028301425
1790448447040,0.226277860227,6731466.9028301425
1790448557992,0.225981360737,6783263.378632119
1790449406603,0.225981360737,6783263.378632119
1790449518099,0.223038918211,6818703.496662437
1790450367260,0.223038918211,6818703.496662437
1790450478191,0.223589256807,6797071.569425321
1790451326895,0.223589256807,6797071.569425321
1790451437692,0.222237472141,6871609.125239453
1790452306039,0.2220096903337915,12571094.12399455
1790453239507,0.22113898783831912,12381145.20358665
1790454086931,0.22113898783831912,12381145.20358665
1790454198343,0.2201356262294904,12339607.50515018
1790455063372,0.2201356262294904,12339607.50515018
1790457259168,0.219738491079,6677765.986344233
1790460678856,0.22051301125,6906605.132447499
1790462238243,0.221338497925,6898178.167498371
1790463086639,0.221338497925,6898178.167498371
1790463197671,0.221239977779,6906670.986997058
1790464097642,0.2205531612450083,8602404.319766914
1790468177671,0.22014976425868518,11685707.80869215
1790475379381,0.2209315029566062,8022114.242368717
1790490919910,0.221079274879087,11988996.95964719
1790491819329,0.2220037242876974,8602072.957461467
1790492718684,0.2220037242876974,8602072.957461467
1790493620368,0.2220037242876974,8602072.957461467
1790496199204,0.22473386961316777,12123705.92227471
1790497065161,0.22473386961316777,12123705.92227471
1790497159453,0.22488138896447327,12360209.10924843
1790498025055,0.22488138896447327,12360209.10924843
1790498119621,0.22516114225504133,12562822.71600648
1790499020345,0.22486768649131825,12737268.19089045
1790499919740,0.22323704865134142,9243103.223421106
1790500817684,0.22078187014871697,12839615.32788688
1790501697586,0.22078187014871697,12839615.32788688
1790501995216,0.22078187014871697,12839615.32788688
1790504059994,0.2213932882512852,9494173.679273691
1790504935435,0.2208047825,13754677.7272
1790505832710,0.2208047825,13754677.7272
1790506431418,0.2211509047,11586620.5706
1790507336516,0.2208204125,12214428
1790508240504,0.2208204125,12214428
1790509135800,0.2208204125,12214428
1790510034834,0.2208204125,12214428
1790510934916,0.2208204125,12214428
1790522156362,0.2161956657,11144442.606
1790525996596,0.2154158104,10423693.106
1790526851515,0.2162802944,7599584.2772
1790526970367,0.2162802944,7599584.2772
1790527105652,0.2162802944,7599584.2772
1790527940525,0.2166560795,7646939.8956
1790528833176,0.2167206145,7592207.8654
1790530281557,0.2167715647,9188790.4918
1790530618877,0.2167878478,7507794.416
1790533093143,0.2175402447,9195505.9547
1790536093922,0.2185705563,8889732.2407
1790536220703,0.2186549479,7242833.5295
1790537476762,0.2186549479,7242833.5295
1790539277184,0.2184940289,8800344.2971
1790541070988,0.2185275103,7313425.7673
1790541971423,0.2185275103,7313425.7673
1790542871476,0.2185275103,7313425.7673
1790543811068,0.2175710827,9241386.8439
1790545550571,0.2174640109,8811441
1790547289715,0.2173507881,9148398.6353
1790548249913,0.2169919495,9394458.8741
1790549148889,0.2166974025,7023701.8866
1790550049363,0.2167144811,7051728.7681
1790551849563,0.2167144811,7051728.7681
1790552748586,0.2174244138,7110190.5838
