symbol,total_supply,contract,decimals
USDT,,,
0DOG,,,
0XBTC,,,
1,,,
1CAT,,,
1INCH,,,
1TRC,,,
2Z,,,
32BIT,,,
4THPILLAR,,,
A,,,
AAVE,,,
ACHAIN,,,
ADA,45000000000,,6
ASTROP,,,
ASTX,,,
ATH,42000000000,"{""ETH"":""0xbe0Ed4138121EcFC5c0E56B40517da27E6c5226B"",""ARB"":""0xc87b37a581ec3257b734886d9d3a581f5a9d056c""}",18
ATOM,533956854.243986,,6
AUDM,3449442.88,"{""ETH"":""0x081599e4936d12c46bd48913b2329115cd26cbdd""}",18
AUSD,220176012.686236,"{""ETH"":""0x00000000efe302beaa2b3e6e1b18d08d69a9012a"",""ARB"":""0x00000000efe302beaa2b3e6e1b18d08d69a9012a"",""AVAX"":""0x00000000efe302beaa2b3e6e1b18d08d69a9012a"",""BNB"":""0x00000000eFE302BEAA2b3e6e1b18d08D69a9012a"",""CORE"":""0x00000000efe302beaa2b3e6e1b18d08d69a9012a"",""FRAX"":""0x00000000eFE302BEAA2b3e6e1b18d08D69a9012a"",""IMX"":""0x00000000eFE302BEAA2b3e6e1b18d08D69a9012a"",""INJ"":""factory/inj1n636d9gzrqggdk66n2f97th0x8yuhfrtx520e7/ausd"",""KAT"":""0x00000000eFE302BEAA2b3e6e1b18d08D69a9012a"",""MANTLE"":""0x00000000eFE302BEAA2b3e6e1b18d08D69a9012a"",""PLUME"":""0x00000000eFE302BEAA2b3e6e1b18d08D69a9012a"",""POL"":""0x00000000efe302beaa2b3e6e1b18d08d69a9012a"",""SOL"":""AUSD1jCcCyPLybk1YnvPWsHQSrZ46dxwoMniN4N2UEB9"",""SUI"":""0x2053d08c1e2bd02791056171aab0fd12bd7cd7efad2ab8f6b9c8902f14df2ff2::ausd::AUSD""}",6
AUSDT,,,
