id,symbol,name,slug,logo_id,logo_file,total_supply,contract,decimals
zero-gravity,0g,0G,0g,69096,0G_1024x1024_Circular_Outlined.png,1000000000,"{""binance-smart-chain"":""0x4b948d64de1f71fcd12fb586f4c776421a35b3ee"",""ethereum"":""0x4b948d64de1f71fcd12fb586f4c776421a35b3ee""}",18
1inch,1inch,1INCH,1inch,13469,0x111111111117dc0aa78b770fa6a738034120c302_0x2b2c127f11a6604d4319c936334506b86c339a3773b6f2731db0ed4a4fb7fb72.jpg,1499999999.997,"{""ethereum"":""0x111111111117dc0aa78b770fa6a738034120c302"",""base"":""0xc5fecc3a29fb57b5024eec8a2239d4621e111cbe"",""optimistic-ethereum"":""0xad42d013ac31486b73b6b059e748172994736426"",""arbitrum-one"":""0x6314c31a7a1652ce482cffe247e9cb7c3f4bb9af"",""avalanche"":""0xd501281565bf7789224523144fe5d98e8b28f267"",""unichain"":""0xbe41cde1c5e75a7b6c2c70466629878aa9acd06e"",""binance-smart-chain"":""0x111111111117dc0aa78b770fa6a738034120c302"",""robinhood"":""0x1755c2910c126ee1b0cf1e08a307dc9e787285a0"",""linea"":""0x10f04e61bd6019d6c9b0bf4907e805a64b92ee3e"",""zksync"":""0x3f0b8b206a7fbdb3ecfc08c9407ca83f5ab1ce59""}",18
doublezero,2z,DoubleZero,doublezero,68339,Coingecko_-_PFP.png,9998069894.1,"{""solana"":""J6pQQ3FAcJQeWPPGppWRb4nM8jU3wLyYbRrLh7feMfvd""}",8
vaulta,a,Vaulta,vaulta,55616,Vaulta_CEX_Icon_Circle_-_cmc.png,2100000000,,
a7a5,a7a5,A7A5,a7a5,66657,A7A5_200.png,39237341548.10074,"{""ethereum"":""0x6fa0be17e4bea2fcfa22ef89bf8ac9aab0ab0fc9"",""tron"":""TLeVfrdym8RoJreJ23dAGyfJDygRtiWKBZ""}",6
aave,aave,Aave,aave,12645,aave-token-round.png,16000000,"{""ethereum"":""0x7fc66500c84a76ad7e9c93437bfc5ac33e2ddae9"",""solana"":""AavE1kKKnesPw4MuRJmJ9jZs9QzEE8CPxQ3ViczUDfc1"",""base"":""0x63706e401c06ac8513145b7687a14804d17f814b"",""hydration"":""asset_registry%2F1000624"",""harmony-shard-0"":""0xcf323aad9e522b93f11c352caa519ad0e14eb40f"",""huobi-token"":""0x202b4936fe1a82a4965220860ae46d7d3939bb25"",""fantom"":""0x6a07a792ab2965c72a5b8088d3a069a7ac3a993b"",""near-protocol"":""7fc66500c84a76ad7e9c93437bfc5ac33e2ddae9.factory.bridge.near"",""energi"":""0xa7f2f790355e0c32cab03f92f6eb7f488e6f049a"",""sora"":""0x0091bd8d8295b25cab5a7b8b0e44498e678cfc15d872ede3215f7d4c7635ba36"",""polygon-pos"":""0xd6df932a45c0f255f85145f286ea0b292b21c90b"",""binance-smart-chain"":""0xfb6115445bff7b52feb98650c87f44907e58f802"",""arbitrum-one"":""0xba5ddd1f9d7f570dc94a51479a000e3bce967196"",""optimistic-ethereum"":""0x76fb31fb4af56892a25e32cfc43de717950c9278"",""avalanche"":""0x63a72806098bd3d9520cc43356dd78afe5d386d9""}",18
abrlien,ab,Abrlien,abrlien,102174339,0cs6agbsty39bqzlnluje6didk4h.,652028931.9311752,"{""binance-smart-chain"":""0x747b87ddb438b73044b38832027acb06412b4444""}",18
anemoy-tokenized-apollo-diversified-credit-fund,acrdx,Anemoy Tokenized Apollo Diversified Credit Fund,anemoy-tokenized-apollo-diversified-credit-fund,70454,acdrx.png,50014229.92,"{""ethereum"":""0x9477724bb54ad5417de8baff29e59df3fb4da74f"",""monad"":""0x2fabf1c784b8583d63c00c5c9c0377d8cf1a3245"",""plume-network"":""0x9477724bb54ad5417de8baff29e59df3fb4da74f""}",18
apollo-diversified-credit-securitize-fund,acred,Apollo Diversified Credit Securitize Fund,apollo-diversified-credit-securitize-fund,54809,ACRED.png,85973.919554,"{""ethereum"":""0x17418038ecf73ba4026c4f428547bf099706f27b"",""ink"":""0x53ad50d3b6fcacb8965d3a49cb722917c7dae1f3"",""solana"":""FubtUcvhSCr3VPXEcxouoQjKQ7NWTCzXyECe76B7L3f8"",""polygon-pos"":""0xfce60bbc52a5705cec5b445501fbaf3274dc43d0"",""aptos"":""0xe528f4df568eb9fff6398adc514bc9585fab397f478972bcbebf1e75dee40a88"",""avalanche"":""0x7c64925002bfa705834b118a923e9911bee32875""}",6
acurast,acu,Acurast,acurast,34367,Acurast-symbol-dark-bg.png,1030859339,"{""ethereum"":""0x216b3643ff8b7bb30d8a48e9f1bd550126202add"",""peaq"":""0x165bcb970836f83c15b22c3c1622279d97a20446"",""base"":""0xc5fed7c8ccc75d8a72b601a66dffd7a489073f0b"",""binance-smart-chain"":""0x6ef2ffb38d64afe18ce782da280b300e358cfeaf""}",
ada-the-dog,ada,TOLY'S DOG,ada-the-dog,33673,IMG_6070_%281%29.png,999597942.2560759,"{""solana"":""E4Q5pLaEiejwEQHcM9GeYSQfMyGy8DJ4bPWgeYthn24v""}",9
adi-token,adi,ADI,adi-token,68846,ADI_Token-min.png,999999999,"{""ethereum"":""0x8b1484d57abbe239bb280661377363b03c89caea""}",18
aerodrome-finance,aero,Aerodrome Finance,aerodrome-finance,31745,token.png,1992844978.458703,"{""base"":""0x940181a94a35a4569e4529a3cdfb74e38fd98631""}",18
ai-community,ai,AI Community,ai-community,36025,IMG_2023.JPG,999846955,"{""solana"":""99ouK5YUK3JPGCPX9joNtHsMU7NPpU7w91JN4kdQ97po""}",9
aioz-network,aioz,AIOZ Network,aioz-network,14631,aioz-logo-200.png,1281566239.161447,"{""ethereum"":""0x626e8036deb333b408be468f951bdb42433cbf18"",""osmosis"":""ibc/BB0AFE2AFBD6E883690DAE4B9168EAC2B306BCC9C9292DACBB4152BBB08DB25F"",""binance-smart-chain"":""0x33d08d8c7a168333a85285a68c0042b39fc3741d""}",18
akedo,ake,Akedo,akedo,68410,akedo.png,100000000000,"{""binance-smart-chain"":""0x2c3a8ee94ddd97244a93bc48298f97d2c412f7db""}",18
akash-network,akt,Akash Network,akash-network,12785,akash-logo.png,298377931.675791,"{""akash"":""uakt"",""archway"":""ibc/C2CFB1C37C146CF95B0784FD518F8030FEFC76C5800105B1742FB65FFE65F873"",""osmosis"":""ibc/1480B8FD20AD5FCAE81EA87584D269547DD4D436843C1D20F15E00EB64743EF4""}",6
alchemist-ai,alch,Alchemist AI,alchemist-ai,52302,small-logo.png,999952963.542932,"{""solana"":""HNg5PYJmtqcmzXrv6S9zP1CDKk5BgDuyFBxbvNApump""}",6
alpha-bulgaria-warrants,alfw,Alpha Bulgaria Warrants,alpha-bulgaria-warrants,102174400,0fc344_46599cf95f3b4eac9dcd8b50a1fcd064_mv2%281%29%281%29.png,35714286,"{""base"":""0x19cf86d38ae55d1dc08f50588f11b6acc297f977""}",18
algorand,algo,Algorand,algorand,4380,download.png,9062063480.125488,,
allora,allo,Allora,allora,70609,allo-token.png,788375332.0275567,"{""ethereum"":""0x8408d45b61f5823298f19a09b53b7339c0280489"",""base"":""0x032d86656db142138ac97d2c5c4e3766e8c0482d"",""binance-smart-chain"":""0xcce5f304fd043d6a4e8ccb5376a4a4fb583b98d5""}",18
alitas,alt,Alitas,alitas,16330,ALT.png,1000000000,"{""binance-smart-chain"":""0x5ca09af27b8a4f1d636380909087536bc7e2d94d""}",18
amp-token,amp,Amp,amp,12409,amp-200x200.png,99720258778.82127,"{""ethereum"":""0xff20817765cb7f73d4bde2e66e067e58d11095c2"",""near-protocol"":""ff20817765cb7f73d4bde2e66e067e58d11095c2.factory.bridge.near"",""energi"":""0xad7abe6f12f1059bdf48ae67bff92b00438ced95""}",18
ansem-s-minutes,ansem,Ansem's minutes,ansem-s-minutes,56080,ansempng.png,97201.480916,"{""solana"":""HAs8hvTB8ZH6dBG26KQGik4fxitNYi41jnYd49bvtime""}",6
anvil,anvl,Anvil,anvil,50825,anvil.png,100000000000,"{""ethereum"":""0xaeeaa594e7dc112d67b8547fe9767a02c15b5597""}",18
ape-3,ape,Ape,ape-3,38863,0xa0385e7283c83e2871e9af49eec0966088421ddd_%281%29.png,1000000000000,"{""ethereum"":""0xa0385e7283c83e2871e9af49eec0966088421ddd""}",18
ape-and-pepe,apepe,Ape and Pepe,ape-and-pepe,39614,APEPE_200.png,210000000000000,"{""polygon-pos"":""0xa3f751662e282e83ec3cbc387d225ca56dd63d3a""}",18
apes-2,apes,APES [OLD],apes-2-old,39760,photo_2024-08-16_17.29.08.png,995002461.564563,"{""solana"":""984GBL7PhceChtN64NWLdBb49rSQXX7ozpdkEbR1pump""}",6
aptos,apt,Aptos,aptos,26455,Aptos-Network-Profile-Picture_%281%29.png,1209503407.322376,"{""aptos"":""0x1::aptos_coin::AptosCoin""}",8
