id,symbol,name,slug,web,logo,contract
38408,BARD,Lombard,lombard,lombard.finance,38408.png,"{""ethereum"":""0xf0DB65D17e30a966C2ae6A21f6BBA71cea6e9754"",""bnb"":""0xd23A186A78c0B3B805505E5f8ea4083295ef9f3a""}"
38409,OSK,OSK,osk-continue,pgglobal.io,38409.png,"{""tron"":""TDk91SWz2GvwfZwMTGX21d4ngUUH8YZZAv""}"
38411,DGN,Dragon Coin,dragon-dawn-new,dungeongames.io,38411.png,"{""osmosis"":""ibc/CD6412358F33B372A355CF22786D8C19477C15092B56BD56188679EED8556964""}"
38412,STRSZN,Stream SZN,stream-szn,,38412.png,"{""solana"":""986j8mhmidrcbx3wf1XJxsQFvWBMXg7gnDi3mejsr8H8""}"
38417,RIVER,River,river,app.riverai.inc,38417.png,"{""ethereum"":""0xdA7AD9dea9397cffdDAE2F8a052B82f1484252B3"",""bnb"":""0xdA7AD9dea9397cffdDAE2F8a052B82f1484252B3"",""base"":""0xdA7AD9dea9397cffdDAE2F8a052B82f1484252B3""}"
38419,MDC,Meta Dollar Coin,meta-dollar-coin,mdccoin.io,38419.png,"{""bnb"":""0x69BF422871e3dF997069f885475c06821Cf4d381""}"
38420,USAD,USAD,gimbutiscoin,usad.net,38420.png,"{""ethereum"":""0x7EC90eD9297dBc5702b1E616A938235AfD20a1dE""}"
38427,ZBT,ZEROBASE,zerobase,zerobase.pro,38427.png,"{""ethereum"":""0xfAB99fCF605fD8f4593EDb70A43bA56542777777"",""bnb"":""0xfAB99fCF605fD8f4593EDb70A43bA56542777777"",""base"":""0xfAB99fCF605fD8f4593EDb70A43bA56542777777""}"
38429,5PT,Five Pillars Token,five-pillars-token,fivepillarstoken.com,38429.png,"{""bnb"":""0xe6cae4094352a670c3eb0fcbDa17c898b71c7F2A""}"
38430,AIA,DeAgentAI,deagentai,deagent.ai,38430.png,"{""bnb"":""0x53EC33Cd4fA46b9ecED9cA3f6dB626C5FfCd55cC"",""sui"":""0x99cc0e7834326ec6ac571421e9b8e042e9eb63062771c77ac592bd194180b5da::deagent_token::DEAGENT_TOKEN""}"
38431,W,W,w,wonbnb.com,38431.png,"{""bnb"":""0x380bf199b3173cf7b3b321848ae1c5014a124444""}"
38433,AOP,Ark of Panda,ark-of-panda,arkofpanda.com,38433.png,"{""bnb"":""0xd5dF4d260D7a0145F655bcBf3B398076F21016C7""}"
38435,NETX,NetX,netx,netx.world,38435.png,"{""bnb"":""0x4c32964715e9a42F8d119bFA8917d57822d3aDF1""}"
38436,VFY,zkVerify,zkverify,zkverify.io,38436.png,"{""base"":""0xa749dE6c28262B7ffbc5De27dC845DD7eCD2b358""}"
38438,RAGE,Rage Guy,rage-guy,rageguysol.com,38438.png,"{""solana"":""G3FoXHoQDuGkEG8ZqQd7riC9uB1N51bg7JuxJEPNpump""}"
38439,CRYPGPT,CRYPGPT,crypgpt-token,crypgpt.ai,38439.png,"{""bnb"":""0xe0Ae52E75b38B605E9c879a570ee1E7bCC66254B""}"
38440,狗狗币,Chinese Dogecoin,chinese-dogecoin,chinesedg.com,38440.png,"{""bnb"":""0x07B06f8D6182F8FaD97DCf50d6E27739687A4444""}"
38442,CMC20,CoinMarketCap 20 Index DTF,coinmarketcap-20-index,app.reserve.org,38442.png,"{""bnb"":""0x2f8A339B5889FfaC4c5A956787cdA593b3c36867"",""base"":""0xa0A8481fc246Cd12f75227aBB96220fF5360fad3""}"
38443,MOON,Moon,moonprojectbnb,moonprojectbnb.com,38443.png,"{""bnb"":""0x1Eb55169C045DD91ac47A0C3aF2FB1df93064444""}"
38447,CWOIN,cwoin,cwoin,cwoin.xyz,38447.png,"{""bnb"":""0x27B02Bc573023e0173854ff64b7beaf8A3c04444""}"
38450,TSTON,Tonstakers,tonstakers,tonstakers.com,38450.png,"{""gram"":""EQC98_qAmNEptUtPc7W6xdHh_ZHrBUFpw5Ft_IzNU20QAJav""}"
38451,PORTALS,Portals,portals,portalsfoundation.org,38451.png,"{""solana"":""PRTLSwfLzpVGSAQiUfXEenJkq1cwTsEcsn1hPL9zwwg""}"
38452,ETAN,Etarn,etarn,etarn.io,38452.png,"{""bnb"":""0xe5E1A0a43f307F390887E2a17399172F3F9a3caB""}"
38454,GRIPPY,GRIPPY,grippy,grippy.onbase.lol,38454.png,"{""base"":""0x24f883b8157956101bB6a52eFf94d3aE8188e890""}"
38455,XMN,xMoney,xmoney,xmoney.com,38455.png,"{""sui"":""0x97c7571f4406cdd7a95f3027075ab80d3e9c937c2a567690d31e14ab1872ccee::xmn::XMN""}"
38456,KO,Kyuzo's Friends,kyuzo-s-friends,kyuzosfriends.com,38456.png,"{""bnb"":""0x2D739Dd563609C39A1aE1546a03E8b469361175f""}"
38457,XMD,Metal Dollar,metal-dollar,metaldollar.com,38457.png,"{""proton"":""xmd.treasury""}"
38460,PALU,Binance's Palu,binances-palu,palu.meme,38460.png,"{""bnb"":""0xb75a7e8876df49a74cc4c76c6bda161a8ea4b483""}"
38461,DUST,Dust,dust,four.meme,38461.png,"{""bnb"":""0x932Fb7f52adBC34ff81B4342b8C036b7b8Ac4444""}"
38464,NOM,Nomina,nomina,nomina.io,38464.png,"{""ethereum"":""0x6e6F6d696e61decd6605bD4a57836c5DB6923340""}"
38466,BLESS,Bless,bless,bless.network,38466.png,"{""bnb"":""0x7C8217517ed4711fe2DECCdFefFE8d906b9Ae11F"",""solana"":""A1t2UviBYwyfYZDJyKY2W6Td8ritgsCriUDuNaAQN49S""}"
38467,HOB,HumansOfBinance,humansofbinance,humansofbinance.xyz,38467.png,"{""bnb"":""0x58fc1D27d5aCBfAE0565b581B75DA96c6c374444""}"
38468,HANA,Hana Network,hana-network,hana.network,38468.png,"{""bnb"":""0x6261963ebe9ff014aad10ecc3b0238d4d04e8353""}"
38470,GIGGLE,Giggle Fund,giggle-fund,giggletoken.com,38470.png,"{""bnb"":""0x20d6015660b3fe52e6690a889b5C51F69902cE0e""}"
38474,REGRET,Regret,regret,regretonpump.io,38474.png,"{""solana"":""DP4omjjY94NRJrECHBZyUQSpGrjtukoDyUbqb9Zzpump""}"
38475,ASTERINU,Aster Inu,aster-inu,asterinu.xyz,38475.png,"{""bnb"":""0x9f6c24232f1Bba6ef47BCb81b9b9434aCDB94444""}"
38476,GAIN,Griffin AI,griffin-ai,griffinai.io,38476.png,"{""ethereum"":""0xe0Ff1B0584d63Cb74A78537f1fe0d17564e741D4"",""bnb"":""0xa890F8BA60051ec8a5B528F056DA362Ba208a96F""}"
38477,ELIZABETH,Just Elizabeth Cat,just-elizabeth-cat,elizabeths.fun,38477.png,"{""solana"":""DiiTPZdpd9t3XorHiuZUu4E1FoSaQ7uGN4q9YkQupump""}"
38479,BNBCAKE,BNBCakeCoin,bnbcakecoin,bnbcake.com,38479.png,"{""bnb"":""0xD370eeB6250b2a1173D9F2BAf8AA410f1146c490""}"
38480,TMX,TMX,tmx,tge.tribe-dex.com,38480.png,"{""arbitrum"":""0xa057bf62b7760ae11d782dab5e081728bcda7017""}"
38481,XAN,Anoma,anoma,anoma.net,38481.png,"{""ethereum"":""0xcedbea37c8872c4171259cdfd5255cb8923cf8e7"",""bnb"":""0x7427bd9542e64d1ac207a540cfce194b7390a07f""}"
38482,FF,Falcon Finance,falcon-finance-ff,falcon.finance,38482.png,"{""ethereum"":""0xfa1c09fc8b491b6a4d3ff53a10cad29381b3f949"",""bnb"":""0xac23b90a79504865d52b49b327328411a23d4db2""}"
38484,QTO,Quanto,quanto,quanto.trade,38484.png,"{""solana"":""quantoL84tL1HvygKcz3TJtWRU6dFPW8imMzCa4qxGW""}"
38488,EDOM,Edom,edom,edom.cc,38488.png,"{""polygon-ecosystem-token"":""0x954AEC663b893D81b4C8dbE1a0544491fD63FA77""}"
38489,COAI,ChainOpera AI,chainopera-ai,chainopera.ai,38489.png,"{""bnb"":""0x0A8D6C86e1bcE73fE4D0bD531e1a567306836EA5""}"
38490,TENGE,TENGE TENGE,tenge-tenge,tengetenge.org,38490.png,"{""bnb"":""0x718447E29B90D00461966D01E533Fa1b69574444""}"
38492,REAL,Real,realyn,realyn.gold,38492.png,"{""solana"":""8Aq4fWMgPqJbF3w8w8PnLDRVUAFe4mzsCvPKxAArbonk""}"
38493,ASTHERUS,Astherus,astherus,astherus.name,38493.png,"{""bnb"":""0x39AEA3d999EdDBfBE73015b9b274CB912A144444""}"
38494,GOATED,GOAT Network,goat-network,goat.network,38494.png,"{""bnb"":""0x5d7909f951436d4e6974d841316057df3a622962""}"
38495,MIRA,Mira,mira-network,mira.network,38495.png,"{""bnb"":""0x7839Fbfd09DaE4d0F15BfB36b8f16f7898FBE684"",""base"":""0x7AaFD31a321d3627b30A8e2171264B56852187fe""}"
38499,XRP,XRP AI,xrp-ai,tokenoffai.xyz,38499.png,"{""bnb"":""0xC031F335e7F7B10E559225d723bF189F7C9A1595""}"
38500,BABYCREPE,BabyCrepe,babycrepe,babycrepe.dev,38500.png,"{""bnb"":""0x67C8b64FBcC780ACbCFF90F7a848eEc5bCCb9D45""}"
38501,IRWA,IncomRWA,incomrwa,incomrwa.io,38501.png,"{""ethereum"":""0xc7bd8466606539f06f2ec606d3c08efc181e15e5"",""base"":""0x833f973406E07830d494cBe5FaBBc3AE9c750c1F""}"
38502,NOS,NOS,nos,notes.bet,38502.png,{}
38503,MERC,Liquid Mercury,liquid-mercury,liquidmercury.com,38503.png,"{""ethereum"":""0x6EE2f71049DDE9a93B7c0EE1091b72aCf9b46810"",""base"":""0x8923947EAfaf4aD68F1f0C9eb5463eC876D79058""}"
38505,RZTO,RZTO,rizznet,rzto.io,38505.png,"{""solana"":""2qpqweHfSKUvZFGQL3D7aadD5i5dDN8kz9xdZGraGAxC""}"
38506,LIGHT,Bitlight,bitlight,bitlightlabs.com,38506.png,"{""bnb"":""0x477c2c0459004e3354ba427fa285d7c053203c0e""}"
38507,GG,Knockout Games,knockout-games,knockoutgames.io,38507.png,"{""solana"":""LhcykxUt6xVdiSZyWyaGdNHE3W8sAEmdnEjpMdkpump""}"
38510,TIMELESS,Timeless,timeless-bsc,timelessbnb.xyz,38510.png,"{""bnb"":""0x0ACE816a5336D8Bdf8DEce69cf084A03e36c4444""}"
38511,UP,DoubleUp,doubleup,doubleup.fun,38511.png,"{""sui"":""0x87dfe1248a1dc4ce473bd9cb2937d66cdc6c30fee63f3fe0dbb55c7a09d35dec::up::UP""}"
38512,KLINK,Klink Finance,klink-finance,klinkfinance.com,38512.png,"{""bnb"":""0x76E9b54B49739837bE8aD10c3687Fc6b543de852""}"
38513,EDEN,OpenEden,openeden,openeden.com,38513.png,"{""ethereum"":""0x24A3D725C37A8D1a66Eb87f0E5D07fE67c120035"",""bnb"":""0x235B6fe22B4642aDa16D311855c49Ce7DE260841""}"
38514,WXPL,Wrapped Plasma,wrapped-plasma,plasma.to,38514.png,"{""plasma-xpl"":""0x6100E367285b01F48D07953803A2d8dCA5D19873""}"
38515,2Z,DoubleZero,doublezero,doublezero.xyz,38515.png,"{""solana"":""J6pQQ3FAcJQeWPPGppWRb4nM8jU3wLyYbRrLh7feMfvd""}"
38516,PRICELESS,Priceless,priceless,priceless-cto.com,38516.png,"{""bnb"":""0x7d03759E5B41E36899833cb2E008455d69A24444""}"
38517,USDT0,USDT0,usdt0,usdt0.to,38517.png,"{""plasma-xpl"":""0xb8ce59fc3717ada4c02eadf9682a9e934f625ebb"",""optimism-ethereum"":""0x01bff41798a0bcf287b996046ca68b395dbc1071"",""hyperliquid"":""0xb8ce59fc3717ada4c02eadf9682a9e934f625ebb"",""berachain"":""0x779ded0c9e1022225f8e0630b35a9b54be713736"",""monad"":""0xe7cd86e13AC4309349F30B3435a9d337750fC82D"",""ink-token"":""0x0200c29006150606b650577bbe7b6248f58470c1"",""sei"":""0x9151434b16b9763660705744891fa906f660ecc5"",""okb"":""0x779ded0c9e1022225f8e0630b35a9b54be713736"",""mantle"":""0x779ded0c9e1022225f8e0630b35a9b54be713736"",""conflux-network"":""0xaf37E8B6C9ED7f6318979f56Fc287d76c30847ff"",""uniswap"":""0x9151434b16b9763660705744891fA906F660EcC5"",""polygon-ecosystem-token"":""0xc2132D05D31c914a87C6611C10748AEb04B58e8F"",""flare"":""0xe7cd86e13AC4309349F30B3435a9d337750fC82D"",""megaeth"":""0xb8ce59fc3717ada4c02eadf9682a9e934f625ebb"",""use-corn"":""0xB8CE59FC3717ada4C02eaDF9682A9e934F625ebb"",""rsk"":""0x779ded0c9e1022225f8e0630b35a9b54be713736"",""hedera"":""0x00000000000000000000000000000000009ce723"",""usdt0"":""0x779ded0c9e1022225f8e0630b35a9b54be713736""}"
38519,MCQ,Mecha Conquest,mecha-conquest,mechaconquest.net,38519.png,"{""bnb"":""0x47cB7D57e16a99a86D45fF3c3D2A2CAcC2919A13""}"
38520,QPAY,Qpay,qpay-finance,qpay.finance,38520.png,"{""solana"":""EMg2QkFZ6pLvgckVGj8X6nmyrkiuoamYnTdoxXN8pump""}"
38522,SZN,BNB MEME SZN,bnb-meme-szn,bnbmemeszn.com,38522.png,"{""bnb"":""0x23b35C7f686CAC8297eA6e81A467286481cA4444""}"
38523,STRIKE,StrikeBit AI,strikebit-ai,strikebit.io,38523.png,"{""bnb"":""0x2AA89A0113BcbBcdC5812C6Df794E2D9650fC1AF""}"
38524,LGNS,Origin,origin,originworld.org,38524.png,"{""polygon-ecosystem-token"":""0xeb51d9a39ad5eef215dc0bf39a8821ff804a0f01"",""anubis"":""0x4d1d808a081fdac440703b3765fc61f8028c06b8""}"
38526,GOT,Golden Pact,golden-pact,goldenpact.io,38526.png,"{""bnb"":""0x701add4311e85c1f9c1549319fe2c476bc8a1b8b""}"
38528,AEA,AlphaExchangeAI,alphaexchangeai,aeaweb3.com,38528.png,"{""bnb"":""0xee634a826465a1799afc2cfefbdb6fa3766c8888""}"
38530,BTG,Openverse Network,openverse-network,openverse.network,38530.png,"{""bnb"":""0x4C9027E10c5271Efca82379D3123917AE3F2374e""}"
38531,RP1,Ready player one,ready-player-one,rpone.game,38531.png,"{""bnb"":""0x1a694db0d264ebd10d2620270e2618784039f92f""}"
38532,PKM,Pockemy,pockemy,pockemy.com,38532.png,"{""solana"":""6LH9NDBYUf7thDx8sMZppZpxAsdXtsQ9VN37gKMpZRSp""}"
38533,HOLY,Holy coin,holy-coin,holycoin.world,38533.png,"{""solana"":""BSXFKLVsyrYckSF4SGXu9DRfMb3Fos7tRF9zMXgRCUsP""}"
38534,CASH+,CASH+,cash-plus,asseto.finance,38534.png,"{""ethereum"":""0x498D9329555471bF6073A5f2D047F746d522A373"",""bnb"":""0x1775504c5873e179Ea2f8ABFcE3861EC74D159bc""}"
38538,P,PoP Planet,pop-planet,popp.club,38538.png,"{""bnb"":""0x810DF4c7Daf4eE06AE7c621D0680E73a505C9A06""}"
38542,SLX,SLIMEX,slimex,slimeminer.io,38542.png,"{""bnb"":""0x8A063A9ff4dE28dcB87117cc759BE6cE70e09F81"",""kaia"":""0x32db8748f9b99c6fc2590484f584089955d05c19""}"
38544,FT,Flying Tulip,flying-tulip,flyingtulip.com,38544.png,"{""ethereum"":""0x5dd1a7a369e8273371d2dbf9d83356057088082c""}"
38545,COINDEPO,COINDEPO,coindepo,coindepo.com,38545.png,"{""ethereum"":""0xb40725714Fe8C547C5b0C1472CBa3554eFa81718""}"
38546,YES,Yes Coin (yescoins.cc),yescoins,yescoins.cc,38546.png,"{""ethereum"":""0x70f3a26df06da6376f820c7ab2e5641b46c0d831""}"
38547,GNET,Galactica.com,galactica,galactica.com,38547.png,"{""ethereum"":""0x690F1eEf8AcEaD09Ac695d9111Af081045c6d5b7"",""solana"":""3ZELuj8iVdekxTR5a4SVG6VkgR7pHFYTLvyuLJDURSs4""}"
38548,GROYPER,GROYPER (groyperarmy.com),groyperarmy,groyperarmy.com,38548.png,"{""solana"":""AjgSvYmJLhvt3FteiyTqQf8XBj1SVs6T6AmSUfkHpump""}"
38550,PIPE,Pipe Network,pipe-network,pipe.network,38550.png,"{""solana"":""7s9MoSt7VV1J3jVNnw2AyocsQDBdCkPYz5apQDPKy9i5""}"
38551,CYPR,Cypher,cypher-token,cypherhq.io,38551.png,"{""base"":""0xD262A4c7108C8139b2B189758e8D17c3DFC91a38""}"
38552,BTC,Bitcoin Base,bitcoin-base,baseoff.xyz,38552.png,"{""base"":""0xFaF1C31F6855E91B1a905761C81A79e4966e4709""}"
38554,KGEN,KGeN,kgen,kgen.io,38554.png,"{""bnb"":""0xf3d5b4c34ed623478cc5141861776e6cf7ae3a1e"",""aptos"":""0x2a8227993a4e38537a57caefe5e7e9a51327bf6cd732c1f56648f26f68304ebc"",""base"":""0xF3d5b4c34Ed623478cc5141861776E6cf7AE3A1E""}"
38557,4,4,4four,,38557.png,"{""bnb"":""0x0A43fC31a73013089DF59194872Ecae4cAe14444""}"
38561,LYN,Everlyn AI,everlyn,everlyn.ai,38561.png,"{""bnb"":""0x302DFaF2CDbE51a18d97186A7384e87CF599877D""}"
38562,USDAI,USDai,usdai,usd.ai,38562.png,"{""arbitrum"":""0x0a1a1a107e45b7ced86833863f482bc5f4ed82ef"",""plasma-xpl"":""0x0a1a1a107e45b7ced86833863f482bc5f4ed82ef""}"
38563,BABY4,Baby 4,baby-4,baby4.ai,38563.png,"{""bnb"":""0xE815f6941d19D1e20b0e1f92471c6143809F4444""}"
38564,ADOG,Aster Dog,aster-dog,four.meme,38564.png,"{""bnb"":""0x87241b1b7Fd82Cf4F4842f195909cA69aA6E4444""}"
38565,1,1,1onbnb,1onbnb.fun,38565.png,"{""bnb"":""0xE77223430bfb8e497a3c8E126cb5Ad5275934444""}"
38567,CAPY,capybara,capybara-solana,thecapytoken.com,38567.png,"{""solana"":""7VENy6wCjBChAMGpjPQCPYJDeYJGFr5NZUxk7uQ7bonk""}"
38568,SAFU,Funds are SAFU,funds-are-safu,safucoinbnb.fun,38568.png,"{""bnb"":""0x3f2B10F3327ea2337C524eEf23F4cd61bC364444""}"
38569,APR,Capricorn,apriori,capricorn.tech,38569.png,"{""ethereum"":""0x5A9610919f5e81183823A2be4Bd1BeB2B4da2a20"",""bnb"":""0x299AD4299Da5b2b93Fba4c96967B040C7F611099""}"
38570,HODL,HODL (hodl_bnbcto),hodl-bnbcto,ctohodl.com,38570.png,"{""bnb"":""0x77D689c28B9a1661AA75451dCee6D3D3C0264444""}"
38573,SP,Smart Pocket,smart-pocket,smapocke.com,38573.png,"{""solana"":""6gdDALVM7FrTnXTXo17PpHnLtUdnaAtokCBzPUZKA2rx""}"
