vreme,prosek,min,max,min_vreme
2026-10-10 00:00,0.09656,0.07906,0.11870,2026-10-10 00:09
2026-10-10 00:30,0.08992,0.07615,0.10906,2026-10-10 00:38
2026-10-10 01:00,0.09114,0.07629,0.10780,2026-10-10 01:17
2026-10-10 01:30,0.08523,0.06815,0.10095,2026-10-10 01:38
2026-10-10 02:00,0.11738,0.07805,0.15372,2026-10-10 02:08
2026-10-10 02:30,0.08759,0.07328,0.10402,2026-10-10 02:45
2026-10-10 03:00,0.08289,0.07538,0.09382,2026-10-10 03:19
2026-10-10 03:30,0.08289,0.07538,0.09382,2026-10-10 03:19
2026-10-10 04:00,0.08289,0.07538,0.09382,2026-10-10 03:19
2026-10-10 04:30,0.08289,0.07538,0.09382,2026-10-10 03:19
2026-10-10 05:00,0.08289,0.07538,0.09382,2026-10-10 03:19
2026-10-10 05:30,0.08289,0.07538,0.09382,2026-10-10 03:19
2026-10-10 06:00,0.08289,0.07538,0.09382,2026-10-10 03:19
2026-10-10 06:30,0.08289,0.07538,0.09382,2026-10-10 03:19
2026-10-10 07:00,0.08289,0.07538,0.09382,2026-10-10 03:19
2026-10-10 07:30,0.08289,0.07538,0.09382,2026-10-10 03:19
