cmc_id,cena
38789,0.009384778680013634
34187,0.009380181639560666
37414,0.01041318534087312
36737,0.6510161773634942
27178,0.009336467210752191
23335,0.06989183827660109
13663,0.39841858669345015
37014,262.3068940715124
39306,103.25572286027155
32194,0.04066978648388383
5382,0.0017964101516322658
36227,0.023262899055089284
39162,0.011284916879391113
2758,0.060625471802901516
36935,0.005697770954155937
18895,0.029199650050291313
12623,0.12653908703051342
19590,0.909934381884
5728,0.1295255263471068
38037,337.070580688563
5956,2.359662876275545
38046,181.00943293988942
35597,5.588865031683445
36713,0.01842706606701874
35395,0.0009154857095040672
39089,0.02325244556040439
38506,0.20619303301588054
1856,0.008918359696012087
33108,0.000012837059398667753
38585,0.00884414796496812
34116,0.008782980045252107
31843,0.009058584056315582
37338,0.0014523945775691558
5161,0.02283181990169475
28675,1.252521216263651e-7
39203,0.06426622252435855
6641,0.0011858637038378594
268,0.011274713070605676
37016,0.08616138725822184
39448,0.008553902929992677
23195,0.00015828939823941992
40029,0.009413636824525992
28299,0.002146465432087972
35670,1.0016191569388524
15248,0.5228235885689296
21706,0.010612950108268248
29862,0.00021286459742930796
2492,0.363215033105974
29884,0.008596487972580533
29724,0.01756877663492273
38086,538.0068452722637
258,0.091541930400715
34828,0.18213916418788778
42025,0.009061425992039818
2320,0.01178880376632181
34993,0.008295763880192542
23711,0.23083860293911831
7975,0.2668430309672553
26833,0.0013730818864886442
37056,537.9763666377198
40848,276.99428953995164
33405,0.020959290286941823
8206,12.219377174257477
42337,0.00821860618965356
20456,0.02239956287487632
5225,0.2822733111730384
4956,0.0012902090607672056
23351,0.0025703171611537864
4660,0.017722206680664064
5226,0.460275753697575
1808,0.05683920397840884
40957,0.03651692187239857
34177,0.9944837062346817
5229,0.8752508394965725
37693,1050.3911358224525
18112,0.3690849400994149
28220,0.10335475287075097
30902,0.000008676593262250264
8422,0.03255239648811123
28446,0.7756791726438769
36215,0.03818124884546587
34853,0.007738582386383919
28829,0.030908612482227038
14721,0.005595139715594591
24087,0.0008008457883949355
10841,5.644649023852368e-10
37571,0.0018718849750882453
32744,0.12043720580485726
38033,67.63762290151833
40238,163.54307973276053
3581,0.0082412
2866,0.01417445018049
22354,0.009628826401445023
38829,0.03751333169428603
35421,0.00748317589824907
8720,10.310275237559432
6554,0.0114522620336064
18774,0.36887760916957407
40539,178.15355704975758
37372,0.000894009728282902
32087,0.0036405927379693833
38083,262.16176062196496
7533,0.5233888520158405
27622,0.23659449122182244
8214,0.026299987338199875
41077,26.623889150600696
29711,0.0010536255543575309
5228,0.8076361607293707
5200,0.03926242586249992
34017,0.08083658832868772
37495,0.04557580225173604
19966,0.010782101095984544
37050,276.85184228499406
39224,24.2100829303855
12787,0.004088839021512086
26220,0.0031961383758539325
10372,0.0008312869061819187
8613,2.648173010808728
32374,446.8048152545276
40780,715.7038999982442
40618,104.89518932531966
19055,0.003888216515034177
39855,0.030239299982544498
9674,0.013704770269375159
37021,364.14376136681227
3260,0.0003219107810931824
32866,9.000836625256902e-7
42309,0.0067673028508705695
21134,0.006762751772019739
1789,0.12673667558393756
9177,1.6784687573844303e-10
40794,140.4741481781091
38671,0.043430992480732934
34849,0.002226881626706319
38331,0.9967972165297716
36078,0.007344865204479239
34240,0.00014543956706142692
38187,131.52093016679012
37743,0.035209421852121024
40613,351.25544483339377
40616,1035.1243913933774
11035,0.004114186926525763
26532,1.5534327202365532e-8
38464,0.0022388215013801806
40786,170.7366511919517
42256,5.288292372674062
7208,0.06504261582382581
38075,460.1313822412022
9386,6.901861147944964e-11
16360,0.0006420531876391402
7859,0.3251454526122685
39788,1595.800466815888
10897,0.008359773795612025
22461,0.006773000721407806
14446,0.07134450246015969
40884,81.15298558731251
42461,230.9668782126777
4160,0.3660265290371791
35753,0.0062113770615030124
5113,0.00023136192656613856
12041,0.007878594243932523
1886,0.00006161953773895858
1681,0.0012875307223545163
32341,0.021464695708316578
40797,223.1590150664799
7189,0.9998855039141085
2083,0.34668010887524386
40757,351.2473789634515
22789,1.5602677318694649
11079,1.5295685575177755e-8
14052,0.4661967512334402
5866,0.0857258366942508
5604,0.008744037109875553
5221,0.008809961883615495
24600,0.000066638420811863
22359,0.005803598468456225
1312,0.6040530753068224
38850,0.9996879679848847
29454,0.004246354566713648
40563,0.007148917157939174
30177,0.01310063811238562
22071,0.0003197336426104611
34717,0.012102381986119674
23380,0.0000010012808032329611
28504,0.005858276903107296
30391,0.00624115164187997
41965,0.0014703451241515895
11156,0.13970400723797263
34830,0.000572531054793274
6724,0.0006509624780392654
10368,0.6070062938071472
1447,0.615243654094165
6715,0.0027876065902526287
40708,85.87609244367964
1169,0.052709289958346284
22492,134.1842426764129
40846,452.49577100702703
40978,0.004728412844659526
39284,81.79168518897268
40850,109.48866111996986
38065,720.4722870037625
17794,0.06817021554980406
23046,0.031637967848230426
39140,0.06208153945128349
19063,0.003231013734604037
40947,0.005577290655536397
11346,0.000013522846650086082
2949,0.13948333934783902
40930,33.96084778706182
19689,0.0294816955618999
372,0.000030071293761680946
8724,0.009166271091832417
28443,0.32183737891269715
21822,0.10428466211982804
37279,0.005503008314393948
35092,0.35722245614684234
12687,0.415519536069525
30402,7.098500989546493e-9
39858,0.006053935895933466
36649,0.00000938500299205648
5224,0.33136159918566077
33543,0.005445444321342875
38995,0.005972710478095848
20672,0.0661770459552
30637,0.0005428374193661924
16352,0.0010747217766560728
29220,1.3295350472423329e-8
40844,111.31603109715276
24476,0.010224804228802824
42283,16.743516889135527
35011,0.005400169310389333
7964,1.3023852157762408
4090,0.0005372154680661652
8420,0.024696478249588556
32171,0.000012805282888268236
38756,0.04059011646241794
6859,7.94463446072224
7311,66.59913811071263
40791,165.33173838624057
33708,0.0007572884203711732
37998,214.0818918981848
41774,0.005281947390770374
38996,0.012826222511531404
21060,0.0014700241518657087
28567,0.06799218552361026
36957,0.001976005491960531
40927,335.94242233575716
38946,0.025485533914200165
37656,596.6491836007225
34034,0.006512489690061283
