id,symbol,name,slug,web,logo,tags,contract
CHILLZ,,Chilleez,Chilleez-CHILLZ,chilleez.net,chillz.png,"[""meme"",""asset_backed_tokens"",""interest_earning""]",{}
CHRONOEFFE,,Chronoeffector,Chronoeffector-CHRONOEFFE,chronoeffector.ai,chronoeffe.png,"[""ai"",""bots"",""analytics""]",{}
COPINU,,Copper Inu,CopperInu-COPINU,,copinu.png,[],{}
CRDO,,Credo Technology Group • Robinhood Token,CredoTechnologyGroupRobinhoodToken-CRDO,,crdo.png,[],{}
CUDOS,,Cudos,Cudos-CUDOS,cudos.org,cudos.png,"[""smart_contract_platforms""]",{}
__DARKHORSE,,Dark Horse,DarkHorse-__DARKHORSE,,__darkhorse.png,[],{}
DIDID,,Didi Duck,DidiDuck-DIDID,didid.lol,didid.png,"[""bots"",""meme""]",{}
EKA,,ERIKA,ERIKA-EKA,,eka.png,[],{}
____YUGE,,ErectusDAO,ErectusDAO-____YUGE,,____yuge.png,[],{}
EGAME,,Every Game,EveryGame-EGAME,everygame.io,egame.png,"[""gaming"",""nfts""]",{}
RAGEGUY,,FFFFFFFFFFFFFUUUUUUUUUUUUUUUU,FFFFFFFFFFFFFUUUUUUUUUUUUUUUU-RAGEGUY,,rageguy.png,[],{}
___FABLE,,Fable,Fable-___FABLE,,___fable.png,[],{}
FOFAR,,Fofar,Fofar-FOFAR,fofar.io,fofar.png,"[""meme""]",{}
FROGGY,,Froggy,Froggy-FROGGY,froggybsc.com,froggy.png,"[""nfts"",""meme""]",{}
NOOSUM,,Gabin Noosum,GabinNoosum-NOOSUM,noosum.com,noosum.png,"[""meme""]",{}
_HALLOWEEN,,HALLOWEEN X,HALLOWEENX-_HALLOWEEN,hallowtoken.xyz,_halloween.png,[],{}
____________HODL,,HODL,HODL-____________HODL,hodlonsol.vip,____________hodl.png,"[""meme""]",{}
AHTR,,Hathor Token,HathorToken-AHTR,,ahtr.png,[],{}
IFR,,Inferium,Inferium-IFR,inferium.io,ifr.png,"[""ai"",""bots"",""analytics"",""governance""]",{}
INNBC,,InnovativeBioresearchCoin (Ethereum),InnovativeBioresearchCoinEthereum-INNBC,innovativebioresearch.com,innbc.png,"[""healthcare""]",{}
IXI,,IxiCash,IxiCash-IXI,ixian.io,ixi.png,"[""streaming""]",{}
KINDRA,,Kindra by Virtuals,KindrabyVirtuals-KINDRA,,kindra.png,[],{}
LANDLORD,,LANDLORD RONALD,LANDLORDRONALD-LANDLORD,landlord-ronald.xyz,landlord.png,[],{}
__LOB,,LEAGUE OF BONK,LEAGUEOFBONK-__LOB,,__lob.png,[],{}
__LMT,,LIMITUS,LIMITUS-__LMT,limitus.ai,__lmt.png,"[""ai"",""analytics"",""privacy_coins"",""storage""]",{}
____MARIO,,MARIO CEO,MARIOCEO-____MARIO,tokenmarioceo.com,____mario.png,"[""meme"",""gaming""]",{}
__MUSTARD,,MUSTAAAAAARD,MUSTAAAAAARD-__MUSTARD,,__mustard.png,"[""meme"",""music""]",{}
_____DEFI,,Make DeFi Great Again,MakeDeFiGreatAgain-_____DEFI,,_____defi.png,[],{}
LORIA,,New Truth Terminal,NewTruthTerminal-LORIA,,loria.png,[],{}
OMOCHI,,No1 tiktok frog (Omochi),No1tiktokfrogOmochi-OMOCHI,omochicoin.com,omochi.png,"[""meme""]",{}
_MAU,,Nvidia Cat,NvidiaCat-_MAU,,_mau.png,[],{}
PKN,,POKMI,POKMI-PKN,pokmi.com,pkn.png,"[""nfts"",""xxx""]",{}
__________PAI,,Panther AI,PantherAI-__________PAI,,__________pai.png,[],{}
_________PAI,,ParallelAI,ParallelAI-_________PAI,parallelai.tech,_________pai.png,"[""ai"",""governance""]",{}
PSOL,,Parasol Finance,ParasolFinance-PSOL,parasol.finance,psol.png,"[""governance"",""yield_farming"",""launchpad"",""nfts""]",{}
QU3,,QU3ai v1,QU3aiv1-QU3,qu3.ai,qu3.png,"[""ai""]",{}
_SBONK,,SHIBONK,SHIBONK-_SBONK,shibonkcoin.com,_sbonk.png,"[""nfts"",""meme""]",{}
______________DRAGON,,SPACE DRAGON,SPACEDRAGON-______________DRAGON,spacedragontoken.xyz,______________dragon.png,"[""meme"",""nfts""]",{}
SCRAP,,Scrap,Scrap-SCRAP,taiyorobotics.com,scrap.png,"[""nfts""]",{}
CHIZ,,Sewer Rat Social Club CHIZ Token,SewerRatSocialClubCHIZToken-CHIZ,sewerratsocial.club,chiz.png,"[""nfts"",""social_tokens"",""governance""]",{}
_____SHARK,,Sharky Sharkx,SharkySharkx-_____SHARK,shark-x.com,_____shark.png,"[""meme"",""ai"",""education"",""governance""]",{}
___SFC,,Small Fish Cookie,SmallFishCookie-___SFC,dnaxcat.io,___sfc.png,"[""gaming"",""metaverse"",""governance""]",{}
FROGG,,Snoop Frogg,SnoopFrogg-FROGG,,frogg.png,[],{}
SLND,,Solend,Solend-SLND,solend.fi,slnd.png,"[""lending""]",{}
____________________GOAT,,Sonic The Goat,SonicTheGoat-____________________GOAT,,____________________goat.png,[],{}
_STRIP,,Strip Finance,StripFinance-_STRIP,strip.finance,_strip.png,"[""nfts"",""lending"",""governance""]",{}
SUITED,,Suited,Suited-SUITED,,suited.png,[],{}
____ALBERT,,Super Inu,SuperInu-____ALBERT,,____albert.png,[],{}
_____SURF,,Surf,Surf-_____SURF,,_____surf.png,[],{}
_THINK,,THINK Token,THINKToken-_THINK,,_think.png,[],{}
____TINY,,Tiny Humans AI,TinyHumansAI-____TINY,tinyhumansworld.com,____tiny.png,"[""meme"",""ai""]",{}
LANDS,,Two Lands,TwoLands-LANDS,twolandstoken.com,lands.png,"[""gaming"",""metaverse""]",{}
USOR,,U.S Oil,USOil-USOR,usor.tech,usor.png,"[""asset_backed_tokens"",""commodities"",""energy""]",{}
_____VOLT,,Voltage Finance,VoltageFinance-_____VOLT,voltage.finance,_____volt.png,"[""dex"",""yield_farming"",""token_bridges"",""governance""]",{}
WBW,,White Boy Winter,WhiteBoyWinter-WBW,,wbw.png,[],{}
__WIFI,,WiFi Map,WiFiMap-__WIFI,weconnectu.io,__wifi.png,"[""telecom"",""vpn""]",{}
__WAI,,Wiener AI,WienerAI-__WAI,wienerdog.ai,__wai.png,"[""meme"",""bots"",""ai""]",{}
WRESTLER,,Wrestler,Wrestler-WRESTLER,,wrestler.png,[],{}
_YUP,,YUP,YUP-_YUP,,_yup.png,[],{}
_ZBU,,ZEEBU,ZEEBU-_ZBU,,_zbu.png,[],{}
ZERO,,Zero Exchange,ZeroExchange-ZERO,app.0.exchange,zero.png,"[""yield_aggregators"",""dex"",""launchpad""]",{}
SITCOM,,degenerative SITCOM,degenerativeSITCOM-SITCOM,degenerative-sitcom.online,sitcom.png,"[""meme""]",{}
___SPEED,,real fast,realfast-___SPEED,speedonsolana.com,___speed.png,"[""meme""]",{}
_114514,,114514,114514-_114514,eth114514token.carrd.co,_114514.png,"[""meme""]",{}
AGII,,AGII,AGII-AGII,agii.app,agii.png,"[""ai""]",{}
______NFT,,APENFT,APENFT-______NFT,,______nft.png,[],{}
ADVT,,Advantis Token,AdvantisToken-ADVT,advantis.ai,advt.png,"[""interest_earning""]",{}
__ANDY,,Andy,Andy-__ANDY,andytokonsolana.com,__andy.png,"[""meme""]",{}
___ARIA,,Ariacoin,Ariacoin-___ARIA,,___aria.png,[],{}
__CIRCUS,,AtomEconomicZone69JaeKwonInu,AtomEconomicZone69JaeKwonInu-__CIRCUS,aez.finance,__circus.png,"[""meme""]",{}
BIBO,,BIBO,BIBO-BIBO,,bibo.png,"[""meme""]",{}
_BNBDOGE,,BNBdoge,BNBdoge-_BNBDOGE,bnbtokeninu.com,_bnbdoge.png,"[""meme"",""nfts""]",{}
BNSD,,BNSD Finance,BNSDFinance-BNSD,bns.finance,bnsd.png,"[""yield_farming""]",{}
_BOA,,BULL FROG,BULLFROG-_BOA,,_boa.png,[],{}
BADAI,,Badcoin,Badcoin-BADAI,badai.io,badai.png,"[""meme""]",{}
BAKS,,BaksDAO,BaksDAO-BAKS,baksdao.com,baks.png,"[""governance""]",{}
_____________BCAT,,Beancat,Beancat-_____________BCAT,,_____________bcat.png,[],{}
BEEG,,Beeg Blue Whale,BeegBlueWhale-BEEG,beegblue.xyz,beeg.png,"[""meme""]",{}
_____BALL,,BitBall,BitBall-_____BALL,home.bitball.io,_____ball.png,"[""sports"",""gaming"",""metaverse"",""nfts"",""ai"",""governance""]",{}
BTCWIZ,,Bitcoin Wizard Mascot,BitcoinWizardMascot-BTCWIZ,,btcwiz.png,"[""meme""]",{}
CMEMES,,C:\Users\Desktop\memes,CUsersDesktopmemes-CMEMES,,cmemes.png,[],{}
_CANA,,CANA Holdings California Carbon Credits,CANAHoldingsCaliforniaCarbonCredits-_CANA,,_cana.png,[],{}
CHWY,,CHEWY,CHEWY-CHWY,,chwy.png,[],{}
___CNV,,Caniverse,Caniverse-___CNV,,___cnv.png,[],{}
CDP,,Carpe Diem Pension,CarpeDiemPension-CDP,carpediempension.com,cdp.png,[],{}
__________________________CAT,,Cat 🐈,Cat-__________________________CAT,,__________________________cat.png,"[""meme""]",{}
_____CLS,,Celestica • Robinhood Token,CelesticaRobinhoodToken-_____CLS,,_____cls.png,[],{}
_________CAI,,ChasmAI,ChasmAI-_________CAI,chasm.net,_________cai.png,"[""ai"",""governance""]",{}
COLON,,Colon,Colon-COLON,coloncoin.vip,colon.png,"[""meme""]",{}
______________DOGE1,,DOGE-1,DOGE1-______________DOGE1,doge1coinrh.com,______________doge1.png,"[""meme"",""interest_earning""]",{}
DTRXBT,,DTRXBT by Virtuals,DTRXBTbyVirtuals-DTRXBT,,dtrxbt.png,"[""ai"",""bots""]",{}
_DOE,,Dogs Of Elon v2,DogsOfElonv2-_DOE,,_doe.png,"[""meme"",""nfts""]",{}
ELI5,,ELI5,ELI5-ELI5,,eli5.png,[],{}
_FIFA,,FIFA World Cup AI,FIFAWorldCupAI-_FIFA,worldcupai.xyz,_fifa.png,"[""sports"",""meme"",""ai""]",{}
FRAMON,,FRAMON,FRAMON-FRAMON,,framon.png,[],{}
PEEN,,FROG WIF PEEN,FROGWIFPEEN-PEEN,scoogi.com,peen.png,"[""meme""]",{}
FADDY,,Faddy,Faddy-FADDY,faddy-university.com,faddy.png,"[""meme""]",{}
__FAM,,Family,Family-__FAM,thefamilytoken.com,__fam.png,"[""meme""]",{}
FFX,,Flap Futures,FlapFutures-FFX,,ffx.png,[],{}
FRIN,,Fringe Finance,FringeFinance-FRIN,fringe.fi,frin.png,"[""lending""]",{}
FUTU,,Futu Holdings • Robinhood Token,FutuHoldingsRobinhoodToken-FUTU,,futu.png,[],{}
_GEKKO,,Gekko AI by Virtuals,GekkoAIbyVirtuals-_GEKKO,autopilot.getaxal.com,_gekko.png,"[""ai"",""bots""]",{}
____GO,,GoPulse,GoPulse-____GO,gopulse.com,____go.png,"[""governance""]",{}
____SCAR,,Gold Scar,GoldScar-____SCAR,,____scar.png,[],{}
____BEE,,HoneyBee,HoneyBee-____BEE,bee.honeyfarm.finance,____bee.png,"[""yield_farming""]",{}
LAPTOP,,Hunter Biden's Laptop,HunterBidensLaptop-LAPTOP,corruptlaptop.com,laptop.png,"[""meme""]",{}
_____________ICE,,ICELAND,ICELAND-_____________ICE,icelandonbase.fun,_____________ice.png,"[""meme""]",{}
__ITO,,ITO,ITO-__ITO,itoeth.io,__ito.png,"[""meme""]",{}
__ICC,,Indian Call Center,IndianCallCenter-__ICC,indiancallcenter.com,__icc.png,"[""meme""]",{}
ILSI,,Invest Like Stakeborg Index,InvestLikeStakeborgIndex-ILSI,stakeborgdao.com,ilsi.png,"[""index_funds"",""governance""]",{}
J3FF,,J3FF by Virtuals,J3FFbyVirtuals-J3FF,,j3ff.png,"[""ai"",""bots""]",{}
JAIHOZ,,JAIHOZ by Virtuals,JAIHOZbyVirtuals-JAIHOZ,,jaihoz.png,"[""ai"",""bots"",""meme""]",{}
VENCE,,JD Vence,JDVence-VENCE,jdvence.com,vence.png,[],{}
LN,,LINK,LINK-LN,blockchain.line.me,ln.png,"[""smart_contract_platforms""]",{}
MOLI,,LOVE MOLI,LOVEMOLI-MOLI,mobileliquidity.com,moli.png,"[""launchpad"",""token_issuance_platforms"",""ai""]",{}
LRCX,,Lam Research Corp • Robinhood Token,LamResearchCorpRobinhoodToken-LRCX,,lrcx.png,[],{}
__LMWR,,LimeWireToken,LimeWireToken-__LMWR,,__lmwr.png,[],{}
LSS,,Lossless,Lossless-LSS,lossless.cash,lss.png,"[""security""]",{}
__MBD,,MBD Financials (Ethereum),MBDFinancialsEthereum-__MBD,mbdfinancials.com,__mbd.png,"[""governance"",""metaverse"",""yield_farming"",""ai"",""security""]",{}
_____________________MEME,,MEMETOON,MEMETOON-_____________________MEME,,_____________________meme.png,[],{}
_MIRAI,,MIRAI,MIRAI-_MIRAI,mirai.build,_mirai.png,"[""ai"",""synthetics"",""nfts"",""metaverse"",""vr""]",{}
MOAI,,MOAI 🗿,MOAI-MOAI,ungabunga.tech,moai.png,"[""meme""]",{}
____MIA,,Made In America,MadeInAmerica-____MIA,,____mia.png,[],{}
MSN,,Maison Capital,MaisonCapital-MSN,maison.capital,msn.png,"[""governance"",""nfts"",""yield_farming"",""interest_earning""]",{}
____MLT,,Media Licensing Token,MediaLicensingToken-____MLT,,____mlt.png,[],{}
_________________MILK,,Mega Milk,MegaMilk-_________________MILK,pulsecereal.com,_________________milk.png,"[""meme""]",{}
_____MGT,,Moongate,Moongate-_____MGT,,_____mgt.png,[],{}
MULN,,MullenArmy,MullenArmy-MULN,mullenarmy.com,muln.png,"[""meme""]",{}
NAV,,NAV Coin,NAVCoin-NAV,navcoin.org,nav.png,"[""privacy_coins""]",{}
NEKO,,Neko Network,NekoNetwork-NEKO,shimmertechno.com,neko.png,[],{}
____NCT,,New Cat v2,NewCatv2-____NCT,,____nct.png,[],{}
OTIS,,Otis Sherwood,OtisSherwood-OTIS,,otis.png,[],{}
_____PAW,,PAW PATROL INU,PAWPATROLINU-_____PAW,pawpatoken.xyz,_____paw.png,"[""meme"",""nfts""]",{}
____POPPY,,POPPY,POPPY-____POPPY,,____poppy.png,[],{}
_PR,,Permian Resources • Robinhood Token,PermianResourcesRobinhoodToken-_PR,,_pr.png,[],{}
___ONG,,Poly-Peg ONG,PolyPegONG-___ONG,,___ong.png,[],{}
__PRISM,,Prism,Prism-__PRISM,prism.ag,__prism.png,"[""dex"",""yield_farming"",""governance"",""analytics""]",{}
_PUFF,,Puff,Puff-_PUFF,puffthedragon.xyz,_puff.png,"[""meme"",""nfts""]",{}
_RETA,,RETATRUTIDE,RETATRUTIDE-_RETA,,_reta.png,[],{}
_______REX,,REVOX,REVOX-_______REX,revox.ai,_______rex.png,"[""ai"",""governance"",""analytics"",""social_media""]",{}
__RRR,,Rev Rewards,RevRewards-__RRR,,__rrr.png,[],{}
ROBIT,,Robit,Robit-ROBIT,,robit.png,[],{}
_SHILL,,SHILL Token,SHILLToken-_SHILL,projectseed.io,_shill.png,"[""gaming"",""nfts"",""governance""]",{}
_______DRIP,,SOL DRIP,SOLDRIP-_______DRIP,,_______drip.png,[],{}
__STEP,,STEP,STEP-__STEP,walkwithstep.io,__step.png,"[""fitness""]",{}
SDLN,,Seedling,Seedling-SDLN,seedling.cm,sdln.png,"[""index_funds"",""launchpad""]",{}
SSW,,Seesaw,Seesaw-SSW,crypto-wallet.ng,ssw.png,"[""dex"",""lending"",""yield_farming""]",{}
__SOLID,,SolidlyDEX,SolidlyDEX-__SOLID,solidly.com,__solid.png,"[""dex"",""yield_farming""]",{}
SOLONA,,Solona,Solona-SOLONA,,solona.png,[],{}
P3NGUIN,,SpacePenguin,SpacePenguin-P3NGUIN,spacepenguin.co,p3nguin.png,"[""meme"",""charity"",""interest_earning""]",{}
__SPORE,,Spore Finance,SporeFinance-__SPORE,sporefinance.co,__spore.png,"[""nfts""]",{}
XLK,,State Street Technology Select Sector SPDR ETF • Robinhood Token,StateStreetTechnologySelectSectorSPDRETFRobinhoodToken-XLK,,xlk.png,[],{}
__SEEK,,Talisman,Talisman-__SEEK,talisman.xyz,__seek.png,"[""wallets"",""ai"",""nfts"",""governance""]",{}
42069K,,The Retirement Token,TheRetirementToken-42069K,,42069k.png,[],{}
HOLYSHIT,,Truth Terminal Final Coin,TruthTerminalFinalCoin-HOLYSHIT,,holyshit.png,[],{}
UNCINU,,UNCINU,UNCINU-UNCINU,,uncinu.png,[],{}
VCM,,VALA CAPITAL MARKETS,VALACAPITALMARKETS-VCM,,vcm.png,[],{}
TOGETHER,,We Can Win Together,WeCanWinTogether-TOGETHER,,together.png,[],{}
____WOJAK,,Wojak,Wojak-____WOJAK,wojak-sol.fun,____wojak.png,"[""meme""]",{}
______________XRP,,XRP AI,XRPAI-______________XRP,,______________xrp.png,[],{}
XVR,,XVR,XVR-XVR,versex.io,xvr.png,"[""metaverse"",""gaming"",""nfts"",""governance"",""vr""]",{}
XRO,,XeroCoin,XeroCoin-XRO,xero-coin.com,xro.png,[],{}
ZKWASM,,ZKWASM Token,ZKWASMToken-ZKWASM,zkwasmhub.com,zkwasm.png,"[""smart_contract_platforms"",""launchpad"",""governance""]",{}
____BIF,,bonkwifhat,bonkwifhat-____BIF,bonkwifhat.lol,____bif.png,"[""meme""]",{}
_______ELF,,e.l.f. Beauty • Robinhood Token,elfBeautyRobinhoodToken-_______ELF,,_______elf.png,[],{}
____PORT,,it's time to full port,itstimetofullport-____PORT,port.fun,____port.png,[],{}
_______WAVE,,ウェーブ,-_______WAVE,,_______wave.png,[],{}
L0AD,,🧻,-L0AD,l0ad.xyz,l0ad.png,"[""meme""]",{}
4444,,4444,4444-4444,,4444.png,[],{}
4663,,4663,4663-4663,,4663.png,[],{}
____4CHAN,,4chan,4chan-____4CHAN,,____4chan.png,"[""meme"",""social_media""]",{}
99BTC,,99 Bitcoins,99Bitcoins-99BTC,99bitcoins.com,99btc.png,"[""education""]",{}
ABDS,,ABDS Token,ABDSToken-ABDS,,abds.png,[],{}
AXOL,,AXOL,AXOL-AXOL,axolcoin.xyz,axol.png,"[""meme""]",{}
ASRR,,Assisterr AI,AssisterrAI-ASRR,,asrr.png,[],{}
BABYCAT,,BABY CAT INU,BABYCATINU-BABYCAT,babycatinu.com,babycat.png,"[""meme""]",{}
___BOS,,BITCOS PRIME,BITCOSPRIME-___BOS,bitcosprime.com,___bos.png,[],{}
_________BNB,,BNB Tiger Inu,BNBTigerInu-_________BNB,,_________bnb.png,[],{}
BONKI,,BONK INU,BONKINU-BONKI,bonkinu.wtf,bonki.png,"[""meme""]",{}
__BABYBONK,,Baby Bonk,BabyBonk-__BABYBONK,babybonkcoin.io,__babybonk.png,"[""meme"",""nfts""]",{}
BBRETT,,Baby Brett,BabyBrett-BBRETT,babybrettonbase.com,bbrett.png,"[""meme"",""interest_earning"",""bots"",""gambling""]",{}
BEEPER,,Beeper Coin,BeeperCoin-BEEPER,,beeper.png,[],{}
___________BBC,,Big Bonus Coin (Ethereum),BigBonusCoinEthereum-___________BBC,9inch.io,___________bbc.png,"[""meme"",""dex"",""yield_aggregators"",""yield_farming""]",{}
BTCMTX,,Bitcoin Minetrix,BitcoinMinetrix-BTCMTX,bitcoinminetrix.com,btcmtx.png,[],{}
_______BTC,,Bitcoin on SOL,BitcoinonSOL-_______BTC,sol-btc.xyz,_______btc.png,"[""nfts""]",{}
________________________________BTC,,Bobby The Cat,BobbyTheCat-________________________________BTC,,________________________________btc.png,[],{}
__BURP,,Burp,Burp-__BURP,,__burp.png,[],{}
_CZR,,CZRed,CZRed-_CZR,czodiac.com,_czr.png,"[""dex"",""yield_farming"",""nfts""]",{}
CELH,,Celsius • Robinhood Token,CelsiusRobinhoodToken-CELH,,celh.png,[],{}
CHEEMS,,Cheems,Cheems-CHEEMS,cheems.co,cheems.png,"[""nfts"",""meme""]",{}
CRODIE,,Crodie,Crodie-CRODIE,crodiethecat.io,crodie.png,"[""meme""]",{}
_DXA,,DEXART Token,DEXARTToken-_DXA,dex.art,_dxa.png,"[""art"",""gaming"",""metaverse""]",{}
________________________DOGE,,Dept. Of Government Efficiency,DeptOfGovernmentEfficiency-________________________DOGE,dogeonbsc.net,________________________doge.png,"[""meme"",""interest_earning""]",{}
DSTOCK,,Dogstock,Dogstock-DSTOCK,,dstock.png,[],{}
HHGTTG,,Douglas Adams,DouglasAdams-HHGTTG,douglasadams.io,hhgttg.png,"[""meme""]",{}
ELFA,,Elfa,Elfa-ELFA,,elfa.png,[],{}
ETHSHIB,,Eth Shiba,EthShiba-ETHSHIB,ethshiba.io,ethshib.png,"[""meme"",""interest_earning""]",{}
____FF,,Financial Freedom,FinancialFreedom-____FF,,____ff.png,[],{}
________________________FLY,,Fly Commons,FlyCommons-________________________FLY,,________________________fly.png,[],{}
HULVIN,,HULVIN,HULVIN-HULVIN,hulvin.live,hulvin.png,"[""meme""]",{}
HAWKTUAH,,Hawk Tuah,HawkTuah-HAWKTUAH,hawktuah.vip,hawktuah.png,"[""meme""]",{}
HIMSON,,Hims & Hers Health (Ondo Tokenized),HimsHersHealthOndoTokenized-HIMSON,ondo.finance,himson.png,"[""asset_backed_tokens""]",{}
ITAM,,ITAM Games,ITAMGames-ITAM,itam.games,itam.png,"[""gaming"",""nfts""]",{}
_CSHARE,,IceCream Shares,IceCreamShares-_CSHARE,icecreamfinance.app,_cshare.png,"[""interest_earning"",""yield_farming""]",{}
KATY,,KatyMEME.com (BSC),KatyMEMEcomBSC-KATY,justpaste.it,katy.png,"[""meme""]",{}
___KNT,,KayakNet,KayakNet-___KNT,,___knt.png,[],{}
KINKA,,Kinkajou Token,KinkajouToken-KINKA,,kinka.png,[],{}
KURO,,Kurobi,Kurobi-KURO,kurobi.io,kuro.png,"[""ecommerce"",""nfts"",""telecom""]",{}
__LOGOS,,LOGOSAI,LOGOSAI-__LOGOS,,__logos.png,"[""ai""]",{}
LNDX,,LandX Governance Token,LandXGovernanceToken-LNDX,landx.fi,lndx.png,"[""governance"",""commodities"",""real_estate"",""perpetuals""]",{}
LOKA,,League of Kingdoms Arena,LeagueofKingdomsArena-LOKA,leagueofkingdoms.com,loka.png,"[""governance"",""gaming"",""metaverse"",""nfts""]",{}
PARTY,,MONEY PARTY,MONEYPARTY-PARTY,,party.png,"[""social_tokens""]",{}
_____MUMU,,MUMU,MUMU-_____MUMU,mumubnb.xyz,_____mumu.png,[],{}
_______________MEOW,,MeowCat,MeowCat-_______________MEOW,meowcat.game,_______________meow.png,"[""meme""]",{}
MIMIKYU,,Mimikyu,Mimikyu-MIMIKYU,,mimikyu.png,[],{}
MIVA,,Minerva Wallet,MinervaWallet-MIVA,minerva.digital,miva.png,[],{}
NFTWIZ,,Nftwizard,Nftwizard-NFTWIZ,,nftwiz.png,[],{}
___ORA,,ORA Coin,ORACoin-___ORA,,___ora.png,[],{}
OMW,,On my way,Onmyway-OMW,,omw.png,[],{}
_OPSEC,,OpSec v2,OpSecv2-_OPSEC,opsec.computer,_opsec.png,"[""security"",""ai"",""bots""]",{}
PESHI,,PESHI,PESHI-PESHI,,peshi.png,[],{}
PINGPONG,,PINGPONG Token,PINGPONGToken-PINGPONG,,pingpong.png,[],{}
PEPA,,Pepa Inu,PepaInu-PEPA,pepa-inu.com,pepa.png,"[""meme"",""nfts""]",{}
PERPSHOOD,,PerpsHood,PerpsHood-PERPSHOOD,,perpshood.png,[],{}
_____PIKACHU,,Pikachu Illustrator,PikachuIllustrator-_____PIKACHU,,_____pikachu.png,"[""meme""]",{}
__YIELD,,PolyYield Token,PolyYieldToken-__YIELD,polyyield.finance,__yield.png,[],{}
__PIG,,ProfitPIG,ProfitPIG-__PIG,profitpig.io,__pig.png,"[""meme""]",{}
____SATO,,SATO,SATO-____SATO,,____sato.png,[],{}
SCFNT,,SCF: New Testament,SCFNewTestament-SCFNT,,scfnt.png,[],{}
SNORT,,SNORT,SNORT-SNORT,snort.wtf,snort.png,"[""meme""]",{}
_____________________________________________SI,,Secret inu,Secretinu-_____________________________________________SI,,_____________________________________________si.png,[],{}
__SHIRO,,Shiro Neko,ShiroNeko-__SHIRO,shironekosol.lol,__shiro.png,"[""meme""]",{}
SLO,,SmoLanO,SmoLanO-SLO,smolano.com,slo.png,"[""meme""]",{}
SOBER,,Solabrador,Solabrador-SOBER,solabrador.xyz,sober.png,"[""meme""]",{}
_____SLX,,Solstice,Solstice-_____SLX,,_____slx.png,[],{}
BRACKETS,,Sports Brackets,SportsBrackets-BRACKETS,,brackets.png,[],{}
HELIA,,StareCat,StareCat-HELIA,starecathelia.com,helia.png,"[""meme""]",{}
STARKBOT,,StarkBot,StarkBot-STARKBOT,,starkbot.png,[],{}
_SMR,,Strategic Meme Reserve,StrategicMemeReserve-_SMR,,_smr.png,[],{}
TORSY,,TORSY,TORSY-TORSY,,torsy.png,[],{}
_________MAGA,,TRUMP,TRUMP-_________MAGA,trumpmaga.one,_________maga.png,"[""meme"",""nfts"",""ai"",""analytics"",""security""]",{}
__TEB,,The Earn Bull,TheEarnBull-__TEB,,__teb.png,[],{}
USDX,,USDx Stablecoin,USDxStablecoin-USDX,dforce.network,usdx.png,"[""stablecoins"",""asset_backed_tokens""]",{}
______PATH,,UiPath • Robinhood Token,UiPathRobinhoodToken-______PATH,,______path.png,[],{}
_____________UP,,UnlockProtocolToken,UnlockProtocolToken-_____________UP,,_____________up.png,[],{}
______USD,,Unstable States Dollar,UnstableStatesDollar-______USD,,______usd.png,[],{}
_VADER,,Vader,Vader-_VADER,pulselorian.com,_vader.png,"[""yield_farming"",""interest_earning""]",{}
___VSD,,Versa Stable Dollar,VersaStableDollar-___VSD,,___vsd.png,[],{}
XWH,,Xi Wif Hat,XiWifHat-XWH,,xwh.png,[],{}
YELPE,,Yellow Pepe,YellowPepe-YELPE,,yelpe.png,[],{}
_YUGI,,Yugi On SOL,YugiOnSOL-_YUGI,yugionsol.com,_yugi.png,"[""meme""]",{}
_________ZEUS,,ZEUS,ZEUS-_________ZEUS,,_________zeus.png,[],{}
__ADOG,,aster dog,asterdog-__ADOG,,__adog.png,[],{}
_SLOP,,digital slop,digitalslop-_SLOP,,_slop.png,[],{}
___MELO,,melo,melo-___MELO,,___melo.png,[],{}
_____POOP,,poopcoin,poopcoin-_____POOP,,_____poop.png,[],{}
__________UWU,,uwu,uwu-__________UWU,,__________uwu.png,[],{}
__XUSD,,xUSD,xUSD-__XUSD,xsurge.net,__xusd.png,"[""stablecoins"",""yield_farming""]",{}
____XP,,xp,xp-____XP,,____xp.png,[],{}
YAI,,Ÿ,-YAI,yoracle.ai,yai.png,"[""oracle"",""ai""]",{}
_THICC,,$THICC,THICC-_THICC,thicc.info,_thicc.png,"[""nfts"",""meme""]",{}
__ABEL,,Abel,Abel-__ABEL,spore.fun,__abel.png,"[""ai"",""bots""]",{}
_MOCK,,Agent Mock,AgentMock-_MOCK,,_mock.png,[],{}
AVLT,,Altura Vault Tokens,AlturaVaultTokens-AVLT,altura.trade,avlt.png,"[""asset_backed_tokens"",""commodities"",""lending""]",{}
_______ANDY,,Andy,Andy-_______ANDY,andybnb.vip,_______andy.png,"[""meme""]",{}
___QUEEN,,Andy Warhol Queen Elizabeth II,AndyWarholQueenElizabethII-___QUEEN,,___queen.png,[],{}
ZCULT,,Anonymous Cult,AnonymousCult-ZCULT,,zcult.png,[],{}
ANTIRUG,,Anti Rug Agent,AntiRugAgent-ANTIRUG,antirugagent.com,antirug.png,"[""ai"",""bots"",""security"",""analytics""]",{}
RCHV,,Archivas,Archivas-RCHV,,rchv.png,[],{}
WBULL,,BNB Wallstreet Bull,BNBWallstreetBull-WBULL,,wbull.png,[],{}
GORDO,,BONK DOG GORDO,BONKDOGGORDO-GORDO,,gordo.png,"[""meme""]",{}
_WGR,,BSC Wrapped Wagerr,BSCWrappedWagerr-_WGR,,_wgr.png,[],{}
BEFFAI,,BeffAI,BeffAI-BEFFAI,,beffai.png,[],{}
BILL,,BillHwang,BillHwang-BILL,billhwangdefi.co,bill.png,[],{}
_____BI,,Binance Intelligence,BinanceIntelligence-_____BI,,_____bi.png,[],{}
_BLUECHIP,,Blue Chip,BlueChip-_BLUECHIP,,_bluechip.png,[],{}
___BOT,,Bot Planet,BotPlanet-___BOT,botpla.net,___bot.png,"[""dex"",""wallets"",""gaming"",""nfts""]",{}
_CATO,,CATO,CATO-_CATO,catocrypto.com,_cato.png,"[""dex"",""nfts"",""prediction_markets""]",{}
_CBDC,,CBDC,CBDC-_CBDC,anticbdc.xyz,_cbdc.png,"[""meme""]",{}
___CRO,,CRO Trump AI,CROTrumpAI-___CRO,crotrumpai.xyz,___cro.png,"[""meme""]",{}
BROWNIE,,CZ's Dog,CZsDog-BROWNIE,brownie.meme,brownie.png,"[""meme""]",{}
CHILLGIRL,,Chillgirl,Chillgirl-CHILLGIRL,chillgirl.xyz,chillgirl.png,"[""meme""]",{}
_KNIGHT,,CitaDAO,CitaDAO-_KNIGHT,citadao.io,_knight.png,"[""real_estate"",""yield_aggregators"",""governance""]",{}
_CLNY,,Colony Network Token,ColonyNetworkToken-_CLNY,colony.io,_clny.png,"[""nfts"",""governance""]",{}
__CRAZY,,Crazy Frog,CrazyFrog-__CRAZY,crazyfrog.love,__crazy.png,"[""meme""]",{}
CUMROCKET,,Cumrocket,Cumrocket-CUMROCKET,,cumrocket.png,[],{}
DJCAT,,DJCAT,DJCAT-DJCAT,,djcat.png,[],{}
__DOGEN,,DOGEN,DOGEN-__DOGEN,dogen.meme,__dogen.png,"[""meme"",""nfts""]",{}
___DORA,,DORA AI by Virtuals,DORAAIbyVirtuals-___DORA,xdora.ai,___dora.png,"[""ai"",""bots"",""travel""]",{}
__DMC,,Decentralized Mining Exchange,DecentralizedMiningExchange-__DMC,dmex.finance,__dmc.png,"[""asset_backed_tokens"",""governance""]",{}
EMMA,,Dr Emma Sage by Virtuals,DrEmmaSagebyVirtuals-EMMA,,emma.png,[],{}
HIPP,,El Hippo,ElHippo-HIPP,hipptoken.com,hipp.png,"[""nfts"",""meme""]",{}
___ELONCOIN,,Elon Coin,ElonCoin-___ELONCOIN,,___eloncoin.png,[],{}
______EMP,,Empyreal,Empyreal-______EMP,empyrealsdk.com,______emp.png,"[""privacy_coins""]",{}
ETHIX,,EthicHub,EthicHub-ETHIX,ethichub.com,ethix.png,[],{}
EXAFLOPCAT,,Exaflopcat,Exaflopcat-EXAFLOPCAT,,exaflopcat.png,[],{}
_FTP,,Feed The People,FeedThePeople-_FTP,,_ftp.png,[],{}
_FYC,,Five Year Cycle,FiveYearCycle-_FYC,,_fyc.png,[],{}
____________________FOMO,,Fomo,Fomo-____________________FOMO,fomo.fund,____________________fomo.png,"[""token_issuance_platforms"",""bots"",""social_media"",""ai"",""nfts"",""governance""]",{}
FYNI,,Fyni AI by Virtuals,FyniAIbyVirtuals-FYNI,fyni.ai,fyni.png,"[""ai"",""bots"",""analytics"",""governance""]",{}
