id,symbol,name,slug,web,logo,tags,contract,cmc_id
_SERV,,OpenServ,OpenServ-_SERV,openserv.ai,_serv.png,"[""ai"",""bots""]","{""ethereum"":""0x40e3d1A4B2C47d9AA61261F5606136ef73E28042"",""base"":""0x5576D6ed9181F2225afF5282Ac0ED29f755437Ea""}",33964
ALICE,,My Neighbor Alice,MyNeighborAlice-ALICE,myneighboralice.com,alice.png,"[""nfts"",""gaming""]","{""ethereum"":""0xAC51066d7bEC65Dc4589368da368b212745d63E8"",""bnb"":""0xac51066d7bec65dc4589368da368b212745d63e8"",""solana"":""9ARQsBfAn65q522cEqSJuse3cLhA31jgWDBGQHeiq7Mg""}",8766
CHEEL,,CHEELEE,CHEELEE-CHEEL,cheelee.us,cheel.png,"[""nfts"",""gaming"",""governance""]","{""bnb"":""0x1F1C90aEb2fd13EA972F0a71e35c0753848e3DB0""}",23054
_SERV,,OpenServ,OpenServ-_SERV,openserv.ai,_serv.png,"[""ai"",""bots""]","{""ethereum"":""0x40e3d1A4B2C47d9AA61261F5606136ef73E28042"",""base"":""0x5576D6ed9181F2225afF5282Ac0ED29f755437Ea""}",33964
ALICE,,My Neighbor Alice,MyNeighborAlice-ALICE,myneighboralice.com,alice.png,"[""nfts"",""gaming""]","{""ethereum"":""0xAC51066d7bEC65Dc4589368da368b212745d63E8"",""bnb"":""0xac51066d7bec65dc4589368da368b212745d63e8"",""solana"":""9ARQsBfAn65q522cEqSJuse3cLhA31jgWDBGQHeiq7Mg""}",8766
CHEEL,,CHEELEE,CHEELEE-CHEEL,cheelee.us,cheel.png,"[""nfts"",""gaming"",""governance""]","{""bnb"":""0x1F1C90aEb2fd13EA972F0a71e35c0753848e3DB0""}",23054
_SERV,,OpenServ,OpenServ-_SERV,openserv.ai,_serv.png,"[""ai"",""bots""]","{""ethereum"":""0x40e3d1A4B2C47d9AA61261F5606136ef73E28042"",""base"":""0x5576D6ed9181F2225afF5282Ac0ED29f755437Ea""}",33964
ALICE,,My Neighbor Alice,MyNeighborAlice-ALICE,myneighboralice.com,alice.png,"[""nfts"",""gaming""]","{""ethereum"":""0xAC51066d7bEC65Dc4589368da368b212745d63E8"",""bnb"":""0xac51066d7bec65dc4589368da368b212745d63e8"",""solana"":""9ARQsBfAn65q522cEqSJuse3cLhA31jgWDBGQHeiq7Mg""}",8766
CHEEL,,CHEELEE,CHEELEE-CHEEL,cheelee.us,cheel.png,"[""nfts"",""gaming"",""governance""]","{""bnb"":""0x1F1C90aEb2fd13EA972F0a71e35c0753848e3DB0""}",23054
_SERV,,OpenServ,OpenServ-_SERV,openserv.ai,_serv.png,"[""ai"",""bots""]","{""ethereum"":""0x40e3d1A4B2C47d9AA61261F5606136ef73E28042"",""base"":""0x5576D6ed9181F2225afF5282Ac0ED29f755437Ea""}",33964
ALICE,,My Neighbor Alice,MyNeighborAlice-ALICE,myneighboralice.com,alice.png,"[""nfts"",""gaming""]","{""ethereum"":""0xAC51066d7bEC65Dc4589368da368b212745d63E8"",""bnb"":""0xac51066d7bec65dc4589368da368b212745d63e8"",""solana"":""9ARQsBfAn65q522cEqSJuse3cLhA31jgWDBGQHeiq7Mg""}",8766
CHEEL,,CHEELEE,CHEELEE-CHEEL,cheelee.us,cheel.png,"[""nfts"",""gaming"",""governance""]","{""bnb"":""0x1F1C90aEb2fd13EA972F0a71e35c0753848e3DB0""}",23054
_SERV,,OpenServ,OpenServ-_SERV,openserv.ai,_serv.png,"[""ai"",""bots""]","{""ethereum"":""0x40e3d1A4B2C47d9AA61261F5606136ef73E28042"",""base"":""0x5576D6ed9181F2225afF5282Ac0ED29f755437Ea""}",33964
ALICE,,My Neighbor Alice,MyNeighborAlice-ALICE,myneighboralice.com,alice.png,"[""nfts"",""gaming""]","{""ethereum"":""0xAC51066d7bEC65Dc4589368da368b212745d63E8"",""bnb"":""0xac51066d7bec65dc4589368da368b212745d63e8"",""solana"":""9ARQsBfAn65q522cEqSJuse3cLhA31jgWDBGQHeiq7Mg""}",8766
CHEEL,,CHEELEE,CHEELEE-CHEEL,cheelee.us,cheel.png,"[""nfts"",""gaming"",""governance""]","{""bnb"":""0x1F1C90aEb2fd13EA972F0a71e35c0753848e3DB0""}",23054
_SERV,,OpenServ,OpenServ-_SERV,openserv.ai,_serv.png,"[""ai"",""bots""]","{""ethereum"":""0x40e3d1A4B2C47d9AA61261F5606136ef73E28042"",""base"":""0x5576D6ed9181F2225afF5282Ac0ED29f755437Ea""}",33964
ALICE,,My Neighbor Alice,MyNeighborAlice-ALICE,myneighboralice.com,alice.png,"[""nfts"",""gaming""]","{""ethereum"":""0xAC51066d7bEC65Dc4589368da368b212745d63E8"",""bnb"":""0xac51066d7bec65dc4589368da368b212745d63e8"",""solana"":""9ARQsBfAn65q522cEqSJuse3cLhA31jgWDBGQHeiq7Mg""}",8766
CHEEL,,CHEELEE,CHEELEE-CHEEL,cheelee.us,cheel.png,"[""nfts"",""gaming"",""governance""]","{""bnb"":""0x1F1C90aEb2fd13EA972F0a71e35c0753848e3DB0""}",23054
_SERV,,OpenServ,OpenServ-_SERV,openserv.ai,_serv.png,"[""ai"",""bots""]","{""ethereum"":""0x40e3d1A4B2C47d9AA61261F5606136ef73E28042"",""base"":""0x5576D6ed9181F2225afF5282Ac0ED29f755437Ea""}",33964
ALICE,,My Neighbor Alice,MyNeighborAlice-ALICE,myneighboralice.com,alice.png,"[""nfts"",""gaming""]","{""ethereum"":""0xAC51066d7bEC65Dc4589368da368b212745d63E8"",""bnb"":""0xac51066d7bec65dc4589368da368b212745d63e8"",""solana"":""9ARQsBfAn65q522cEqSJuse3cLhA31jgWDBGQHeiq7Mg""}",8766
CHEEL,,CHEELEE,CHEELEE-CHEEL,cheelee.us,cheel.png,"[""nfts"",""gaming"",""governance""]","{""bnb"":""0x1F1C90aEb2fd13EA972F0a71e35c0753848e3DB0""}",23054
_SERV,,OpenServ,OpenServ-_SERV,openserv.ai,_serv.png,"[""ai"",""bots""]","{""ethereum"":""0x40e3d1A4B2C47d9AA61261F5606136ef73E28042"",""base"":""0x5576D6ed9181F2225afF5282Ac0ED29f755437Ea""}",33964
ALICE,,My Neighbor Alice,MyNeighborAlice-ALICE,myneighboralice.com,alice.png,"[""nfts"",""gaming""]","{""ethereum"":""0xAC51066d7bEC65Dc4589368da368b212745d63E8"",""bnb"":""0xac51066d7bec65dc4589368da368b212745d63e8"",""solana"":""9ARQsBfAn65q522cEqSJuse3cLhA31jgWDBGQHeiq7Mg""}",8766
CHEEL,,CHEELEE,CHEELEE-CHEEL,cheelee.us,cheel.png,"[""nfts"",""gaming"",""governance""]","{""bnb"":""0x1F1C90aEb2fd13EA972F0a71e35c0753848e3DB0""}",23054
_SERV,,OpenServ,OpenServ-_SERV,openserv.ai,_serv.png,"[""ai"",""bots""]","{""ethereum"":""0x40e3d1A4B2C47d9AA61261F5606136ef73E28042"",""base"":""0x5576D6ed9181F2225afF5282Ac0ED29f755437Ea""}",33964
ALICE,,My Neighbor Alice,MyNeighborAlice-ALICE,myneighboralice.com,alice.png,"[""nfts"",""gaming""]","{""ethereum"":""0xAC51066d7bEC65Dc4589368da368b212745d63E8"",""bnb"":""0xac51066d7bec65dc4589368da368b212745d63e8"",""solana"":""9ARQsBfAn65q522cEqSJuse3cLhA31jgWDBGQHeiq7Mg""}",8766
CHEEL,,CHEELEE,CHEELEE-CHEEL,cheelee.us,cheel.png,"[""nfts"",""gaming"",""governance""]","{""bnb"":""0x1F1C90aEb2fd13EA972F0a71e35c0753848e3DB0""}",23054
_SERV,,OpenServ,OpenServ-_SERV,openserv.ai,_serv.png,"[""ai"",""bots""]","{""ethereum"":""0x40e3d1A4B2C47d9AA61261F5606136ef73E28042"",""base"":""0x5576D6ed9181F2225afF5282Ac0ED29f755437Ea""}",33964
ALICE,,My Neighbor Alice,MyNeighborAlice-ALICE,myneighboralice.com,alice.png,"[""nfts"",""gaming""]","{""ethereum"":""0xAC51066d7bEC65Dc4589368da368b212745d63E8"",""bnb"":""0xac51066d7bec65dc4589368da368b212745d63e8"",""solana"":""9ARQsBfAn65q522cEqSJuse3cLhA31jgWDBGQHeiq7Mg""}",8766
CHEEL,,CHEELEE,CHEELEE-CHEEL,cheelee.us,cheel.png,"[""nfts"",""gaming"",""governance""]","{""bnb"":""0x1F1C90aEb2fd13EA972F0a71e35c0753848e3DB0""}",23054
_SERV,,OpenServ,OpenServ-_SERV,openserv.ai,_serv.png,"[""ai"",""bots""]","{""ethereum"":""0x40e3d1A4B2C47d9AA61261F5606136ef73E28042"",""base"":""0x5576D6ed9181F2225afF5282Ac0ED29f755437Ea""}",33964
ALICE,,My Neighbor Alice,MyNeighborAlice-ALICE,myneighboralice.com,alice.png,"[""nfts"",""gaming""]","{""ethereum"":""0xAC51066d7bEC65Dc4589368da368b212745d63E8"",""bnb"":""0xac51066d7bec65dc4589368da368b212745d63e8"",""solana"":""9ARQsBfAn65q522cEqSJuse3cLhA31jgWDBGQHeiq7Mg""}",8766
CHEEL,,CHEELEE,CHEELEE-CHEEL,cheelee.us,cheel.png,"[""nfts"",""gaming"",""governance""]","{""bnb"":""0x1F1C90aEb2fd13EA972F0a71e35c0753848e3DB0""}",23054
_SERV,,OpenServ,OpenServ-_SERV,openserv.ai,_serv.png,"[""ai"",""bots""]","{""ethereum"":""0x40e3d1A4B2C47d9AA61261F5606136ef73E28042"",""base"":""0x5576D6ed9181F2225afF5282Ac0ED29f755437Ea""}",33964
ALICE,,My Neighbor Alice,MyNeighborAlice-ALICE,myneighboralice.com,alice.png,"[""nfts"",""gaming""]","{""ethereum"":""0xAC51066d7bEC65Dc4589368da368b212745d63E8"",""bnb"":""0xac51066d7bec65dc4589368da368b212745d63e8"",""solana"":""9ARQsBfAn65q522cEqSJuse3cLhA31jgWDBGQHeiq7Mg""}",8766
CHEEL,,CHEELEE,CHEELEE-CHEEL,cheelee.us,cheel.png,"[""nfts"",""gaming"",""governance""]","{""bnb"":""0x1F1C90aEb2fd13EA972F0a71e35c0753848e3DB0""}",23054
_SERV,,OpenServ,OpenServ-_SERV,openserv.ai,_serv.png,"[""ai"",""bots""]","{""ethereum"":""0x40e3d1A4B2C47d9AA61261F5606136ef73E28042"",""base"":""0x5576D6ed9181F2225afF5282Ac0ED29f755437Ea""}",33964
ALICE,,My Neighbor Alice,MyNeighborAlice-ALICE,myneighboralice.com,alice.png,"[""nfts"",""gaming""]","{""ethereum"":""0xAC51066d7bEC65Dc4589368da368b212745d63E8"",""bnb"":""0xac51066d7bec65dc4589368da368b212745d63e8"",""solana"":""9ARQsBfAn65q522cEqSJuse3cLhA31jgWDBGQHeiq7Mg""}",8766
CHEEL,,CHEELEE,CHEELEE-CHEEL,cheelee.us,cheel.png,"[""nfts"",""gaming"",""governance""]","{""bnb"":""0x1F1C90aEb2fd13EA972F0a71e35c0753848e3DB0""}",23054
_SERV,,OpenServ,OpenServ-_SERV,openserv.ai,_serv.png,"[""ai"",""bots""]","{""ethereum"":""0x40e3d1A4B2C47d9AA61261F5606136ef73E28042"",""base"":""0x5576D6ed9181F2225afF5282Ac0ED29f755437Ea""}",33964
ALICE,,My Neighbor Alice,MyNeighborAlice-ALICE,myneighboralice.com,alice.png,"[""nfts"",""gaming""]","{""ethereum"":""0xAC51066d7bEC65Dc4589368da368b212745d63E8"",""bnb"":""0xac51066d7bec65dc4589368da368b212745d63e8"",""solana"":""9ARQsBfAn65q522cEqSJuse3cLhA31jgWDBGQHeiq7Mg""}",8766
CHEEL,,CHEELEE,CHEELEE-CHEEL,cheelee.us,cheel.png,"[""nfts"",""gaming"",""governance""]","{""bnb"":""0x1F1C90aEb2fd13EA972F0a71e35c0753848e3DB0""}",23054
_SERV,,OpenServ,OpenServ-_SERV,openserv.ai,_serv.png,"[""ai"",""bots""]","{""ethereum"":""0x40e3d1A4B2C47d9AA61261F5606136ef73E28042"",""base"":""0x5576D6ed9181F2225afF5282Ac0ED29f755437Ea""}",33964
ALICE,,My Neighbor Alice,MyNeighborAlice-ALICE,myneighboralice.com,alice.png,"[""nfts"",""gaming""]","{""ethereum"":""0xAC51066d7bEC65Dc4589368da368b212745d63E8"",""bnb"":""0xac51066d7bec65dc4589368da368b212745d63e8"",""solana"":""9ARQsBfAn65q522cEqSJuse3cLhA31jgWDBGQHeiq7Mg""}",8766
CHEEL,,CHEELEE,CHEELEE-CHEEL,cheelee.us,cheel.png,"[""nfts"",""gaming"",""governance""]","{""bnb"":""0x1F1C90aEb2fd13EA972F0a71e35c0753848e3DB0""}",23054
_SERV,,OpenServ,OpenServ-_SERV,openserv.ai,_serv.png,"[""ai"",""bots""]","{""ethereum"":""0x40e3d1A4B2C47d9AA61261F5606136ef73E28042"",""base"":""0x5576D6ed9181F2225afF5282Ac0ED29f755437Ea""}",33964
ALICE,,My Neighbor Alice,MyNeighborAlice-ALICE,myneighboralice.com,alice.png,"[""nfts"",""gaming""]","{""ethereum"":""0xAC51066d7bEC65Dc4589368da368b212745d63E8"",""bnb"":""0xac51066d7bec65dc4589368da368b212745d63e8"",""solana"":""9ARQsBfAn65q522cEqSJuse3cLhA31jgWDBGQHeiq7Mg""}",8766
CHEEL,,CHEELEE,CHEELEE-CHEEL,cheelee.us,cheel.png,"[""nfts"",""gaming"",""governance""]","{""bnb"":""0x1F1C90aEb2fd13EA972F0a71e35c0753848e3DB0""}",23054
_SERV,,OpenServ,OpenServ-_SERV,openserv.ai,_serv.png,"[""ai"",""bots""]","{""ethereum"":""0x40e3d1A4B2C47d9AA61261F5606136ef73E28042"",""base"":""0x5576D6ed9181F2225afF5282Ac0ED29f755437Ea""}",33964
ALICE,,My Neighbor Alice,MyNeighborAlice-ALICE,myneighboralice.com,alice.png,"[""nfts"",""gaming""]","{""ethereum"":""0xAC51066d7bEC65Dc4589368da368b212745d63E8"",""bnb"":""0xac51066d7bec65dc4589368da368b212745d63e8"",""solana"":""9ARQsBfAn65q522cEqSJuse3cLhA31jgWDBGQHeiq7Mg""}",8766
CHEEL,,CHEELEE,CHEELEE-CHEEL,cheelee.us,cheel.png,"[""nfts"",""gaming"",""governance""]","{""bnb"":""0x1F1C90aEb2fd13EA972F0a71e35c0753848e3DB0""}",23054
_SERV,,OpenServ,OpenServ-_SERV,openserv.ai,_serv.png,"[""ai"",""bots""]","{""ethereum"":""0x40e3d1A4B2C47d9AA61261F5606136ef73E28042"",""base"":""0x5576D6ed9181F2225afF5282Ac0ED29f755437Ea""}",33964
ALICE,,My Neighbor Alice,MyNeighborAlice-ALICE,myneighboralice.com,alice.png,"[""nfts"",""gaming""]","{""ethereum"":""0xAC51066d7bEC65Dc4589368da368b212745d63E8"",""bnb"":""0xac51066d7bec65dc4589368da368b212745d63e8"",""solana"":""9ARQsBfAn65q522cEqSJuse3cLhA31jgWDBGQHeiq7Mg""}",8766
CHEEL,,CHEELEE,CHEELEE-CHEEL,cheelee.us,cheel.png,"[""nfts"",""gaming"",""governance""]","{""bnb"":""0x1F1C90aEb2fd13EA972F0a71e35c0753848e3DB0""}",23054
_SERV,,OpenServ,OpenServ-_SERV,openserv.ai,_serv.png,"[""ai"",""bots""]","{""ethereum"":""0x40e3d1A4B2C47d9AA61261F5606136ef73E28042"",""base"":""0x5576D6ed9181F2225afF5282Ac0ED29f755437Ea""}",33964
ALICE,,My Neighbor Alice,MyNeighborAlice-ALICE,myneighboralice.com,alice.png,"[""nfts"",""gaming""]","{""ethereum"":""0xAC51066d7bEC65Dc4589368da368b212745d63E8"",""bnb"":""0xac51066d7bec65dc4589368da368b212745d63e8"",""solana"":""9ARQsBfAn65q522cEqSJuse3cLhA31jgWDBGQHeiq7Mg""}",8766
CHEEL,,CHEELEE,CHEELEE-CHEEL,cheelee.us,cheel.png,"[""nfts"",""gaming"",""governance""]","{""bnb"":""0x1F1C90aEb2fd13EA972F0a71e35c0753848e3DB0""}",23054
_SERV,,OpenServ,OpenServ-_SERV,openserv.ai,_serv.png,"[""ai"",""bots""]","{""ethereum"":""0x40e3d1A4B2C47d9AA61261F5606136ef73E28042"",""base"":""0x5576D6ed9181F2225afF5282Ac0ED29f755437Ea""}",33964
ALICE,,My Neighbor Alice,MyNeighborAlice-ALICE,myneighboralice.com,alice.png,"[""nfts"",""gaming""]","{""ethereum"":""0xAC51066d7bEC65Dc4589368da368b212745d63E8"",""bnb"":""0xac51066d7bec65dc4589368da368b212745d63e8"",""solana"":""9ARQsBfAn65q522cEqSJuse3cLhA31jgWDBGQHeiq7Mg""}",8766
CHEEL,,CHEELEE,CHEELEE-CHEEL,cheelee.us,cheel.png,"[""nfts"",""gaming"",""governance""]","{""bnb"":""0x1F1C90aEb2fd13EA972F0a71e35c0753848e3DB0""}",23054
_SERV,,OpenServ,OpenServ-_SERV,openserv.ai,_serv.png,"[""ai"",""bots""]","{""ethereum"":""0x40e3d1A4B2C47d9AA61261F5606136ef73E28042"",""base"":""0x5576D6ed9181F2225afF5282Ac0ED29f755437Ea""}",33964
ALICE,,My Neighbor Alice,MyNeighborAlice-ALICE,myneighboralice.com,alice.png,"[""nfts"",""gaming""]","{""ethereum"":""0xAC51066d7bEC65Dc4589368da368b212745d63E8"",""bnb"":""0xac51066d7bec65dc4589368da368b212745d63e8"",""solana"":""9ARQsBfAn65q522cEqSJuse3cLhA31jgWDBGQHeiq7Mg""}",8766
CHEEL,,CHEELEE,CHEELEE-CHEEL,cheelee.us,cheel.png,"[""nfts"",""gaming"",""governance""]","{""bnb"":""0x1F1C90aEb2fd13EA972F0a71e35c0753848e3DB0""}",23054
_SERV,,OpenServ,OpenServ-_SERV,openserv.ai,_serv.png,"[""ai"",""bots""]","{""ethereum"":""0x40e3d1A4B2C47d9AA61261F5606136ef73E28042"",""base"":""0x5576D6ed9181F2225afF5282Ac0ED29f755437Ea""}",33964
ALICE,,My Neighbor Alice,MyNeighborAlice-ALICE,myneighboralice.com,alice.png,"[""nfts"",""gaming""]","{""ethereum"":""0xAC51066d7bEC65Dc4589368da368b212745d63E8"",""bnb"":""0xac51066d7bec65dc4589368da368b212745d63e8"",""solana"":""9ARQsBfAn65q522cEqSJuse3cLhA31jgWDBGQHeiq7Mg""}",8766
CHEEL,,CHEELEE,CHEELEE-CHEEL,cheelee.us,cheel.png,"[""nfts"",""gaming"",""governance""]","{""bnb"":""0x1F1C90aEb2fd13EA972F0a71e35c0753848e3DB0""}",23054
_SERV,,OpenServ,OpenServ-_SERV,openserv.ai,_serv.png,"[""ai"",""bots""]","{""ethereum"":""0x40e3d1A4B2C47d9AA61261F5606136ef73E28042"",""base"":""0x5576D6ed9181F2225afF5282Ac0ED29f755437Ea""}",33964
ALICE,,My Neighbor Alice,MyNeighborAlice-ALICE,myneighboralice.com,alice.png,"[""nfts"",""gaming""]","{""ethereum"":""0xAC51066d7bEC65Dc4589368da368b212745d63E8"",""bnb"":""0xac51066d7bec65dc4589368da368b212745d63e8"",""solana"":""9ARQsBfAn65q522cEqSJuse3cLhA31jgWDBGQHeiq7Mg""}",8766
CHEEL,,CHEELEE,CHEELEE-CHEEL,cheelee.us,cheel.png,"[""nfts"",""gaming"",""governance""]","{""bnb"":""0x1F1C90aEb2fd13EA972F0a71e35c0753848e3DB0""}",23054
_SERV,,OpenServ,OpenServ-_SERV,openserv.ai,_serv.png,"[""ai"",""bots""]","{""ethereum"":""0x40e3d1A4B2C47d9AA61261F5606136ef73E28042"",""base"":""0x5576D6ed9181F2225afF5282Ac0ED29f755437Ea""}",33964
ALICE,,My Neighbor Alice,MyNeighborAlice-ALICE,myneighboralice.com,alice.png,"[""nfts"",""gaming""]","{""ethereum"":""0xAC51066d7bEC65Dc4589368da368b212745d63E8"",""bnb"":""0xac51066d7bec65dc4589368da368b212745d63e8"",""solana"":""9ARQsBfAn65q522cEqSJuse3cLhA31jgWDBGQHeiq7Mg""}",8766
CHEEL,,CHEELEE,CHEELEE-CHEEL,cheelee.us,cheel.png,"[""nfts"",""gaming"",""governance""]","{""bnb"":""0x1F1C90aEb2fd13EA972F0a71e35c0753848e3DB0""}",23054
_SERV,,OpenServ,OpenServ-_SERV,openserv.ai,_serv.png,"[""ai"",""bots""]","{""ethereum"":""0x40e3d1A4B2C47d9AA61261F5606136ef73E28042"",""base"":""0x5576D6ed9181F2225afF5282Ac0ED29f755437Ea""}",33964
ALICE,,My Neighbor Alice,MyNeighborAlice-ALICE,myneighboralice.com,alice.png,"[""nfts"",""gaming""]","{""ethereum"":""0xAC51066d7bEC65Dc4589368da368b212745d63E8"",""bnb"":""0xac51066d7bec65dc4589368da368b212745d63e8"",""solana"":""9ARQsBfAn65q522cEqSJuse3cLhA31jgWDBGQHeiq7Mg""}",8766
CHEEL,,CHEELEE,CHEELEE-CHEEL,cheelee.us,cheel.png,"[""nfts"",""gaming"",""governance""]","{""bnb"":""0x1F1C90aEb2fd13EA972F0a71e35c0753848e3DB0""}",23054
_SERV,,OpenServ,OpenServ-_SERV,openserv.ai,_serv.png,"[""ai"",""bots""]","{""ethereum"":""0x40e3d1A4B2C47d9AA61261F5606136ef73E28042"",""base"":""0x5576D6ed9181F2225afF5282Ac0ED29f755437Ea""}",33964
ALICE,,My Neighbor Alice,MyNeighborAlice-ALICE,myneighboralice.com,alice.png,"[""nfts"",""gaming""]","{""ethereum"":""0xAC51066d7bEC65Dc4589368da368b212745d63E8"",""bnb"":""0xac51066d7bec65dc4589368da368b212745d63e8"",""solana"":""9ARQsBfAn65q522cEqSJuse3cLhA31jgWDBGQHeiq7Mg""}",8766
CHEEL,,CHEELEE,CHEELEE-CHEEL,cheelee.us,cheel.png,"[""nfts"",""gaming"",""governance""]","{""bnb"":""0x1F1C90aEb2fd13EA972F0a71e35c0753848e3DB0""}",23054
_SERV,,OpenServ,OpenServ-_SERV,openserv.ai,_serv.png,"[""ai"",""bots""]","{""ethereum"":""0x40e3d1A4B2C47d9AA61261F5606136ef73E28042"",""base"":""0x5576D6ed9181F2225afF5282Ac0ED29f755437Ea""}",33964
ALICE,,My Neighbor Alice,MyNeighborAlice-ALICE,myneighboralice.com,alice.png,"[""nfts"",""gaming""]","{""ethereum"":""0xAC51066d7bEC65Dc4589368da368b212745d63E8"",""bnb"":""0xac51066d7bec65dc4589368da368b212745d63e8"",""solana"":""9ARQsBfAn65q522cEqSJuse3cLhA31jgWDBGQHeiq7Mg""}",8766
CHEEL,,CHEELEE,CHEELEE-CHEEL,cheelee.us,cheel.png,"[""nfts"",""gaming"",""governance""]","{""bnb"":""0x1F1C90aEb2fd13EA972F0a71e35c0753848e3DB0""}",23054
_SERV,,OpenServ,OpenServ-_SERV,openserv.ai,_serv.png,"[""ai"",""bots""]","{""ethereum"":""0x40e3d1A4B2C47d9AA61261F5606136ef73E28042"",""base"":""0x5576D6ed9181F2225afF5282Ac0ED29f755437Ea""}",33964
ALICE,,My Neighbor Alice,MyNeighborAlice-ALICE,myneighboralice.com,alice.png,"[""nfts"",""gaming""]","{""ethereum"":""0xAC51066d7bEC65Dc4589368da368b212745d63E8"",""bnb"":""0xac51066d7bec65dc4589368da368b212745d63e8"",""solana"":""9ARQsBfAn65q522cEqSJuse3cLhA31jgWDBGQHeiq7Mg""}",8766
ELG,,Escoin Token,EscoinToken-ELG,escoin.ee,elg.png,[],"{""bnb"":""0x1F1C90aEb2fd13EA972F0a71e35c0753848e3DB0""}",23054
_SERV,,OpenServ,OpenServ-_SERV,openserv.ai,_serv.png,"[""ai"",""bots""]","{""ethereum"":""0x40e3d1A4B2C47d9AA61261F5606136ef73E28042"",""base"":""0x5576D6ed9181F2225afF5282Ac0ED29f755437Ea""}",33964
ALICE,,My Neighbor Alice,MyNeighborAlice-ALICE,myneighboralice.com,alice.png,"[""nfts"",""gaming""]","{""ethereum"":""0xAC51066d7bEC65Dc4589368da368b212745d63E8"",""bnb"":""0xac51066d7bec65dc4589368da368b212745d63e8"",""solana"":""9ARQsBfAn65q522cEqSJuse3cLhA31jgWDBGQHeiq7Mg""}",8766
CHEEL,,CHEELEE,CHEELEE-CHEEL,cheelee.us,cheel.png,"[""nfts"",""gaming"",""governance""]","{""bnb"":""0x1F1C90aEb2fd13EA972F0a71e35c0753848e3DB0""}",23054
_SERV,,OpenServ,OpenServ-_SERV,openserv.ai,_serv.png,"[""ai"",""bots""]","{""ethereum"":""0x40e3d1A4B2C47d9AA61261F5606136ef73E28042"",""base"":""0x5576D6ed9181F2225afF5282Ac0ED29f755437Ea""}",33964
ALICE,,My Neighbor Alice,MyNeighborAlice-ALICE,myneighboralice.com,alice.png,"[""nfts"",""gaming""]","{""ethereum"":""0xAC51066d7bEC65Dc4589368da368b212745d63E8"",""bnb"":""0xac51066d7bec65dc4589368da368b212745d63e8"",""solana"":""9ARQsBfAn65q522cEqSJuse3cLhA31jgWDBGQHeiq7Mg""}",8766
CHEEL,,CHEELEE,CHEELEE-CHEEL,cheelee.us,cheel.png,"[""nfts"",""gaming"",""governance""]","{""bnb"":""0x1F1C90aEb2fd13EA972F0a71e35c0753848e3DB0""}",23054
_SERV,,OpenServ,OpenServ-_SERV,openserv.ai,_serv.png,"[""ai"",""bots""]","{""ethereum"":""0x40e3d1A4B2C47d9AA61261F5606136ef73E28042"",""base"":""0x5576D6ed9181F2225afF5282Ac0ED29f755437Ea""}",33964
ALICE,,My Neighbor Alice,MyNeighborAlice-ALICE,myneighboralice.com,alice.png,"[""nfts"",""gaming""]","{""ethereum"":""0xAC51066d7bEC65Dc4589368da368b212745d63E8"",""bnb"":""0xac51066d7bec65dc4589368da368b212745d63e8"",""solana"":""9ARQsBfAn65q522cEqSJuse3cLhA31jgWDBGQHeiq7Mg""}",8766
CHEEL,,CHEELEE,CHEELEE-CHEEL,cheelee.us,cheel.png,"[""nfts"",""gaming"",""governance""]","{""bnb"":""0x1F1C90aEb2fd13EA972F0a71e35c0753848e3DB0""}",23054
_SERV,,OpenServ,OpenServ-_SERV,openserv.ai,_serv.png,"[""ai"",""bots""]","{""ethereum"":""0x40e3d1A4B2C47d9AA61261F5606136ef73E28042"",""base"":""0x5576D6ed9181F2225afF5282Ac0ED29f755437Ea""}",33964
ALICE,,My Neighbor Alice,MyNeighborAlice-ALICE,myneighboralice.com,alice.png,"[""nfts"",""gaming""]","{""ethereum"":""0xAC51066d7bEC65Dc4589368da368b212745d63E8"",""bnb"":""0xac51066d7bec65dc4589368da368b212745d63e8"",""solana"":""9ARQsBfAn65q522cEqSJuse3cLhA31jgWDBGQHeiq7Mg""}",8766
CHEEL,,CHEELEE,CHEELEE-CHEEL,cheelee.us,cheel.png,"[""nfts"",""gaming"",""governance""]","{""bnb"":""0x1F1C90aEb2fd13EA972F0a71e35c0753848e3DB0""}",23054
_SERV,,OpenServ,OpenServ-_SERV,openserv.ai,_serv.png,"[""ai"",""bots""]","{""ethereum"":""0x40e3d1A4B2C47d9AA61261F5606136ef73E28042"",""base"":""0x5576D6ed9181F2225afF5282Ac0ED29f755437Ea""}",33964
ALICE,,My Neighbor Alice,MyNeighborAlice-ALICE,myneighboralice.com,alice.png,"[""nfts"",""gaming""]","{""ethereum"":""0xAC51066d7bEC65Dc4589368da368b212745d63E8"",""bnb"":""0xac51066d7bec65dc4589368da368b212745d63e8"",""solana"":""9ARQsBfAn65q522cEqSJuse3cLhA31jgWDBGQHeiq7Mg""}",8766
CHEEL,,CHEELEE,CHEELEE-CHEEL,cheelee.us,cheel.png,"[""nfts"",""gaming"",""governance""]","{""bnb"":""0x1F1C90aEb2fd13EA972F0a71e35c0753848e3DB0""}",23054
_SERV,,OpenServ,OpenServ-_SERV,openserv.ai,_serv.png,"[""ai"",""bots""]","{""ethereum"":""0x40e3d1A4B2C47d9AA61261F5606136ef73E28042"",""base"":""0x5576D6ed9181F2225afF5282Ac0ED29f755437Ea""}",33964
ALICE,,My Neighbor Alice,MyNeighborAlice-ALICE,myneighboralice.com,alice.png,"[""nfts"",""gaming""]","{""ethereum"":""0xAC51066d7bEC65Dc4589368da368b212745d63E8"",""bnb"":""0xac51066d7bec65dc4589368da368b212745d63e8"",""solana"":""9ARQsBfAn65q522cEqSJuse3cLhA31jgWDBGQHeiq7Mg""}",8766
CHEEL,,CHEELEE,CHEELEE-CHEEL,cheelee.us,cheel.png,"[""nfts"",""gaming"",""governance""]","{""bnb"":""0x1F1C90aEb2fd13EA972F0a71e35c0753848e3DB0""}",23054
_SERV,,OpenServ,OpenServ-_SERV,openserv.ai,_serv.png,"[""ai"",""bots""]","{""ethereum"":""0x40e3d1A4B2C47d9AA61261F5606136ef73E28042"",""base"":""0x5576D6ed9181F2225afF5282Ac0ED29f755437Ea""}",33964
ALICE,,My Neighbor Alice,MyNeighborAlice-ALICE,myneighboralice.com,alice.png,"[""nfts"",""gaming""]","{""ethereum"":""0xAC51066d7bEC65Dc4589368da368b212745d63E8"",""bnb"":""0xac51066d7bec65dc4589368da368b212745d63e8"",""solana"":""9ARQsBfAn65q522cEqSJuse3cLhA31jgWDBGQHeiq7Mg""}",8766
ALICE,,My Neighbor Alice,MyNeighborAlice-ALICE,myneighboralice.com,alice.png,"[""nfts"",""gaming""]","{""ethereum"":""0xAC51066d7bEC65Dc4589368da368b212745d63E8"",""bnb"":""0xac51066d7bec65dc4589368da368b212745d63e8"",""solana"":""9ARQsBfAn65q522cEqSJuse3cLhA31jgWDBGQHeiq7Mg""}",8766
CHEEL,,CHEELEE,CHEELEE-CHEEL,cheelee.us,cheel.png,"[""nfts"",""gaming"",""governance""]","{""bnb"":""0x1F1C90aEb2fd13EA972F0a71e35c0753848e3DB0""}",23054
_SERV,,OpenServ,OpenServ-_SERV,openserv.ai,_serv.png,"[""ai"",""bots""]","{""ethereum"":""0x40e3d1A4B2C47d9AA61261F5606136ef73E28042"",""base"":""0x5576D6ed9181F2225afF5282Ac0ED29f755437Ea""}",33964
ALICE,,My Neighbor Alice,MyNeighborAlice-ALICE,myneighboralice.com,alice.png,"[""nfts"",""gaming""]","{""ethereum"":""0xAC51066d7bEC65Dc4589368da368b212745d63E8"",""bnb"":""0xac51066d7bec65dc4589368da368b212745d63e8"",""solana"":""9ARQsBfAn65q522cEqSJuse3cLhA31jgWDBGQHeiq7Mg""}",8766
CHEEL,,CHEELEE,CHEELEE-CHEEL,cheelee.us,cheel.png,"[""nfts"",""gaming"",""governance""]","{""bnb"":""0x1F1C90aEb2fd13EA972F0a71e35c0753848e3DB0""}",23054
_SERV,,OpenServ,OpenServ-_SERV,openserv.ai,_serv.png,"[""ai"",""bots""]","{""ethereum"":""0x40e3d1A4B2C47d9AA61261F5606136ef73E28042"",""base"":""0x5576D6ed9181F2225afF5282Ac0ED29f755437Ea""}",33964
ALICE,,My Neighbor Alice,MyNeighborAlice-ALICE,myneighboralice.com,alice.png,"[""nfts"",""gaming""]","{""ethereum"":""0xAC51066d7bEC65Dc4589368da368b212745d63E8"",""bnb"":""0xac51066d7bec65dc4589368da368b212745d63e8"",""solana"":""9ARQsBfAn65q522cEqSJuse3cLhA31jgWDBGQHeiq7Mg""}",8766
CHEEL,,CHEELEE,CHEELEE-CHEEL,cheelee.us,cheel.png,"[""nfts"",""gaming"",""governance""]","{""bnb"":""0x1F1C90aEb2fd13EA972F0a71e35c0753848e3DB0""}",23054
_SERV,,OpenServ,OpenServ-_SERV,openserv.ai,_serv.png,"[""ai"",""bots""]","{""ethereum"":""0x40e3d1A4B2C47d9AA61261F5606136ef73E28042"",""base"":""0x5576D6ed9181F2225afF5282Ac0ED29f755437Ea""}",33964
ALICE,,My Neighbor Alice,MyNeighborAlice-ALICE,myneighboralice.com,alice.png,"[""nfts"",""gaming""]","{""ethereum"":""0xAC51066d7bEC65Dc4589368da368b212745d63E8"",""bnb"":""0xac51066d7bec65dc4589368da368b212745d63e8"",""solana"":""9ARQsBfAn65q522cEqSJuse3cLhA31jgWDBGQHeiq7Mg""}",8766
CHEEL,,CHEELEE,CHEELEE-CHEEL,cheelee.us,cheel.png,"[""nfts"",""gaming"",""governance""]","{""bnb"":""0x1F1C90aEb2fd13EA972F0a71e35c0753848e3DB0""}",23054
_SERV,,OpenServ,OpenServ-_SERV,openserv.ai,_serv.png,"[""ai"",""bots""]","{""ethereum"":""0x40e3d1A4B2C47d9AA61261F5606136ef73E28042"",""base"":""0x5576D6ed9181F2225afF5282Ac0ED29f755437Ea""}",33964
ALICE,,My Neighbor Alice,MyNeighborAlice-ALICE,myneighboralice.com,alice.png,"[""nfts"",""gaming""]","{""ethereum"":""0xAC51066d7bEC65Dc4589368da368b212745d63E8"",""bnb"":""0xac51066d7bec65dc4589368da368b212745d63e8"",""solana"":""9ARQsBfAn65q522cEqSJuse3cLhA31jgWDBGQHeiq7Mg""}",8766
CHEEL,,CHEELEE,CHEELEE-CHEEL,cheelee.us,cheel.png,"[""nfts"",""gaming"",""governance""]","{""bnb"":""0x1F1C90aEb2fd13EA972F0a71e35c0753848e3DB0""}",23054
_SERV,,OpenServ,OpenServ-_SERV,openserv.ai,_serv.png,"[""ai"",""bots""]","{""ethereum"":""0x40e3d1A4B2C47d9AA61261F5606136ef73E28042"",""base"":""0x5576D6ed9181F2225afF5282Ac0ED29f755437Ea""}",33964
ALICE,,My Neighbor Alice,MyNeighborAlice-ALICE,myneighboralice.com,alice.png,"[""nfts"",""gaming""]","{""ethereum"":""0xAC51066d7bEC65Dc4589368da368b212745d63E8"",""bnb"":""0xac51066d7bec65dc4589368da368b212745d63e8"",""solana"":""9ARQsBfAn65q522cEqSJuse3cLhA31jgWDBGQHeiq7Mg""}",8766
CHEEL,,CHEELEE,CHEELEE-CHEEL,cheelee.us,cheel.png,"[""nfts"",""gaming"",""governance""]","{""bnb"":""0x1F1C90aEb2fd13EA972F0a71e35c0753848e3DB0""}",23054
_SERV,,OpenServ,OpenServ-_SERV,openserv.ai,_serv.png,"[""ai"",""bots""]","{""ethereum"":""0x40e3d1A4B2C47d9AA61261F5606136ef73E28042"",""base"":""0x5576D6ed9181F2225afF5282Ac0ED29f755437Ea""}",33964
ALICE,,My Neighbor Alice,MyNeighborAlice-ALICE,myneighboralice.com,alice.png,"[""nfts"",""gaming""]","{""ethereum"":""0xAC51066d7bEC65Dc4589368da368b212745d63E8"",""bnb"":""0xac51066d7bec65dc4589368da368b212745d63e8"",""solana"":""9ARQsBfAn65q522cEqSJuse3cLhA31jgWDBGQHeiq7Mg""}",8766
CHEEL,,CHEELEE,CHEELEE-CHEEL,cheelee.us,cheel.png,"[""nfts"",""gaming"",""governance""]","{""bnb"":""0x1F1C90aEb2fd13EA972F0a71e35c0753848e3DB0""}",23054
_SERV,,OpenServ,OpenServ-_SERV,openserv.ai,_serv.png,"[""ai"",""bots""]","{""ethereum"":""0x40e3d1A4B2C47d9AA61261F5606136ef73E28042"",""base"":""0x5576D6ed9181F2225afF5282Ac0ED29f755437Ea""}",33964
ALICE,,My Neighbor Alice,MyNeighborAlice-ALICE,myneighboralice.com,alice.png,"[""nfts"",""gaming""]","{""ethereum"":""0xAC51066d7bEC65Dc4589368da368b212745d63E8"",""bnb"":""0xac51066d7bec65dc4589368da368b212745d63e8"",""solana"":""9ARQsBfAn65q522cEqSJuse3cLhA31jgWDBGQHeiq7Mg""}",8766
CHEEL,,CHEELEE,CHEELEE-CHEEL,cheelee.us,cheel.png,"[""nfts"",""gaming"",""governance""]","{""bnb"":""0x1F1C90aEb2fd13EA972F0a71e35c0753848e3DB0""}",23054
_SERV,,OpenServ,OpenServ-_SERV,openserv.ai,_serv.png,"[""ai"",""bots""]","{""ethereum"":""0x40e3d1A4B2C47d9AA61261F5606136ef73E28042"",""base"":""0x5576D6ed9181F2225afF5282Ac0ED29f755437Ea""}",33964
ALICE,,My Neighbor Alice,MyNeighborAlice-ALICE,myneighboralice.com,alice.png,"[""nfts"",""gaming""]","{""ethereum"":""0xAC51066d7bEC65Dc4589368da368b212745d63E8"",""bnb"":""0xac51066d7bec65dc4589368da368b212745d63e8"",""solana"":""9ARQsBfAn65q522cEqSJuse3cLhA31jgWDBGQHeiq7Mg""}",8766
CHEEL,,CHEELEE,CHEELEE-CHEEL,cheelee.us,cheel.png,"[""nfts"",""gaming"",""governance""]","{""bnb"":""0x1F1C90aEb2fd13EA972F0a71e35c0753848e3DB0""}",23054
_SERV,,OpenServ,OpenServ-_SERV,openserv.ai,_serv.png,"[""ai"",""bots""]","{""ethereum"":""0x40e3d1A4B2C47d9AA61261F5606136ef73E28042"",""base"":""0x5576D6ed9181F2225afF5282Ac0ED29f755437Ea""}",33964
ALICE,,My Neighbor Alice,MyNeighborAlice-ALICE,myneighboralice.com,alice.png,"[""nfts"",""gaming""]","{""ethereum"":""0xAC51066d7bEC65Dc4589368da368b212745d63E8"",""bnb"":""0xac51066d7bec65dc4589368da368b212745d63e8"",""solana"":""9ARQsBfAn65q522cEqSJuse3cLhA31jgWDBGQHeiq7Mg""}",8766
CHEEL,,CHEELEE,CHEELEE-CHEEL,cheelee.us,cheel.png,"[""nfts"",""gaming"",""governance""]","{""bnb"":""0x1F1C90aEb2fd13EA972F0a71e35c0753848e3DB0""}",23054
_SERV,,OpenServ,OpenServ-_SERV,openserv.ai,_serv.png,"[""ai"",""bots""]","{""ethereum"":""0x40e3d1A4B2C47d9AA61261F5606136ef73E28042"",""base"":""0x5576D6ed9181F2225afF5282Ac0ED29f755437Ea""}",33964
ALICE,,My Neighbor Alice,MyNeighborAlice-ALICE,myneighboralice.com,alice.png,"[""nfts"",""gaming""]","{""ethereum"":""0xAC51066d7bEC65Dc4589368da368b212745d63E8"",""bnb"":""0xac51066d7bec65dc4589368da368b212745d63e8"",""solana"":""9ARQsBfAn65q522cEqSJuse3cLhA31jgWDBGQHeiq7Mg""}",8766
CHEEL,,CHEELEE,CHEELEE-CHEEL,cheelee.us,cheel.png,"[""nfts"",""gaming"",""governance""]","{""bnb"":""0x1F1C90aEb2fd13EA972F0a71e35c0753848e3DB0""}",23054
_SERV,,OpenServ,OpenServ-_SERV,openserv.ai,_serv.png,"[""ai"",""bots""]","{""ethereum"":""0x40e3d1A4B2C47d9AA61261F5606136ef73E28042"",""base"":""0x5576D6ed9181F2225afF5282Ac0ED29f755437Ea""}",33964
ALICE,,My Neighbor Alice,MyNeighborAlice-ALICE,myneighboralice.com,alice.png,"[""nfts"",""gaming""]","{""ethereum"":""0xAC51066d7bEC65Dc4589368da368b212745d63E8"",""bnb"":""0xac51066d7bec65dc4589368da368b212745d63e8"",""solana"":""9ARQsBfAn65q522cEqSJuse3cLhA31jgWDBGQHeiq7Mg""}",8766
CHEEL,,CHEELEE,CHEELEE-CHEEL,cheelee.us,cheel.png,"[""nfts"",""gaming"",""governance""]","{""bnb"":""0x1F1C90aEb2fd13EA972F0a71e35c0753848e3DB0""}",23054
_SERV,,OpenServ,OpenServ-_SERV,openserv.ai,_serv.png,"[""ai"",""bots""]","{""ethereum"":""0x40e3d1A4B2C47d9AA61261F5606136ef73E28042"",""base"":""0x5576D6ed9181F2225afF5282Ac0ED29f755437Ea""}",33964
ALICE,,My Neighbor Alice,MyNeighborAlice-ALICE,myneighboralice.com,alice.png,"[""nfts"",""gaming""]","{""ethereum"":""0xAC51066d7bEC65Dc4589368da368b212745d63E8"",""bnb"":""0xac51066d7bec65dc4589368da368b212745d63e8"",""solana"":""9ARQsBfAn65q522cEqSJuse3cLhA31jgWDBGQHeiq7Mg""}",8766
CHEEL,,CHEELEE,CHEELEE-CHEEL,cheelee.us,cheel.png,"[""nfts"",""gaming"",""governance""]","{""bnb"":""0x1F1C90aEb2fd13EA972F0a71e35c0753848e3DB0""}",23054
_SERV,,OpenServ,OpenServ-_SERV,openserv.ai,_serv.png,"[""ai"",""bots""]","{""ethereum"":""0x40e3d1A4B2C47d9AA61261F5606136ef73E28042"",""base"":""0x5576D6ed9181F2225afF5282Ac0ED29f755437Ea""}",33964
ALICE,,My Neighbor Alice,MyNeighborAlice-ALICE,myneighboralice.com,alice.png,"[""nfts"",""gaming""]","{""ethereum"":""0xAC51066d7bEC65Dc4589368da368b212745d63E8"",""bnb"":""0xac51066d7bec65dc4589368da368b212745d63e8"",""solana"":""9ARQsBfAn65q522cEqSJuse3cLhA31jgWDBGQHeiq7Mg""}",8766
CHEEL,,CHEELEE,CHEELEE-CHEEL,cheelee.us,cheel.png,"[""nfts"",""gaming"",""governance""]","{""bnb"":""0x1F1C90aEb2fd13EA972F0a71e35c0753848e3DB0""}",23054
_SERV,,OpenServ,OpenServ-_SERV,openserv.ai,_serv.png,"[""ai"",""bots""]","{""ethereum"":""0x40e3d1A4B2C47d9AA61261F5606136ef73E28042"",""base"":""0x5576D6ed9181F2225afF5282Ac0ED29f755437Ea""}",33964
ALICE,,My Neighbor Alice,MyNeighborAlice-ALICE,myneighboralice.com,alice.png,"[""nfts"",""gaming""]","{""ethereum"":""0xAC51066d7bEC65Dc4589368da368b212745d63E8"",""bnb"":""0xac51066d7bec65dc4589368da368b212745d63e8"",""solana"":""9ARQsBfAn65q522cEqSJuse3cLhA31jgWDBGQHeiq7Mg""}",8766
CHEEL,,CHEELEE,CHEELEE-CHEEL,cheelee.us,cheel.png,"[""nfts"",""gaming"",""governance""]","{""bnb"":""0x1F1C90aEb2fd13EA972F0a71e35c0753848e3DB0""}",23054
_SERV,,OpenServ,OpenServ-_SERV,openserv.ai,_serv.png,"[""ai"",""bots""]","{""ethereum"":""0x40e3d1A4B2C47d9AA61261F5606136ef73E28042"",""base"":""0x5576D6ed9181F2225afF5282Ac0ED29f755437Ea""}",33964
ALICE,,My Neighbor Alice,MyNeighborAlice-ALICE,myneighboralice.com,alice.png,"[""nfts"",""gaming""]","{""ethereum"":""0xAC51066d7bEC65Dc4589368da368b212745d63E8"",""bnb"":""0xac51066d7bec65dc4589368da368b212745d63e8"",""solana"":""9ARQsBfAn65q522cEqSJuse3cLhA31jgWDBGQHeiq7Mg""}",8766
CHEEL,,CHEELEE,CHEELEE-CHEEL,cheelee.us,cheel.png,"[""nfts"",""gaming"",""governance""]","{""bnb"":""0x1F1C90aEb2fd13EA972F0a71e35c0753848e3DB0""}",23054
_SERV,,OpenServ,OpenServ-_SERV,openserv.ai,_serv.png,"[""ai"",""bots""]","{""ethereum"":""0x40e3d1A4B2C47d9AA61261F5606136ef73E28042"",""base"":""0x5576D6ed9181F2225afF5282Ac0ED29f755437Ea""}",33964
ALICE,,My Neighbor Alice,MyNeighborAlice-ALICE,myneighboralice.com,alice.png,"[""nfts"",""gaming""]","{""ethereum"":""0xAC51066d7bEC65Dc4589368da368b212745d63E8"",""bnb"":""0xac51066d7bec65dc4589368da368b212745d63e8"",""solana"":""9ARQsBfAn65q522cEqSJuse3cLhA31jgWDBGQHeiq7Mg""}",8766
CHEEL,,CHEELEE,CHEELEE-CHEEL,cheelee.us,cheel.png,"[""nfts"",""gaming"",""governance""]","{""bnb"":""0x1F1C90aEb2fd13EA972F0a71e35c0753848e3DB0""}",23054
_SERV,,OpenServ,OpenServ-_SERV,openserv.ai,_serv.png,"[""ai"",""bots""]","{""ethereum"":""0x40e3d1A4B2C47d9AA61261F5606136ef73E28042"",""base"":""0x5576D6ed9181F2225afF5282Ac0ED29f755437Ea""}",33964
ALICE,,My Neighbor Alice,MyNeighborAlice-ALICE,myneighboralice.com,alice.png,"[""nfts"",""gaming""]","{""ethereum"":""0xAC51066d7bEC65Dc4589368da368b212745d63E8"",""bnb"":""0xac51066d7bec65dc4589368da368b212745d63e8"",""solana"":""9ARQsBfAn65q522cEqSJuse3cLhA31jgWDBGQHeiq7Mg""}",8766
CHEEL,,CHEELEE,CHEELEE-CHEEL,cheelee.us,cheel.png,"[""nfts"",""gaming"",""governance""]","{""bnb"":""0x1F1C90aEb2fd13EA972F0a71e35c0753848e3DB0""}",23054
_SERV,,OpenServ,OpenServ-_SERV,openserv.ai,_serv.png,"[""ai"",""bots""]","{""ethereum"":""0x40e3d1A4B2C47d9AA61261F5606136ef73E28042"",""base"":""0x5576D6ed9181F2225afF5282Ac0ED29f755437Ea""}",33964
ALICE,,My Neighbor Alice,MyNeighborAlice-ALICE,myneighboralice.com,alice.png,"[""nfts"",""gaming""]","{""ethereum"":""0xAC51066d7bEC65Dc4589368da368b212745d63E8"",""bnb"":""0xac51066d7bec65dc4589368da368b212745d63e8"",""solana"":""9ARQsBfAn65q522cEqSJuse3cLhA31jgWDBGQHeiq7Mg""}",8766
CHEEL,,CHEELEE,CHEELEE-CHEEL,cheelee.us,cheel.png,"[""nfts"",""gaming"",""governance""]","{""bnb"":""0x1F1C90aEb2fd13EA972F0a71e35c0753848e3DB0""}",23054
_SERV,,OpenServ,OpenServ-_SERV,openserv.ai,_serv.png,"[""ai"",""bots""]","{""ethereum"":""0x40e3d1A4B2C47d9AA61261F5606136ef73E28042"",""base"":""0x5576D6ed9181F2225afF5282Ac0ED29f755437Ea""}",33964
ALICE,,My Neighbor Alice,MyNeighborAlice-ALICE,myneighboralice.com,alice.png,"[""nfts"",""gaming""]","{""ethereum"":""0xAC51066d7bEC65Dc4589368da368b212745d63E8"",""bnb"":""0xac51066d7bec65dc4589368da368b212745d63e8"",""solana"":""9ARQsBfAn65q522cEqSJuse3cLhA31jgWDBGQHeiq7Mg""}",8766
CHEEL,,CHEELEE,CHEELEE-CHEEL,cheelee.us,cheel.png,"[""nfts"",""gaming"",""governance""]","{""bnb"":""0x1F1C90aEb2fd13EA972F0a71e35c0753848e3DB0""}",23054
_SERV,,OpenServ,OpenServ-_SERV,openserv.ai,_serv.png,"[""ai"",""bots""]","{""ethereum"":""0x40e3d1A4B2C47d9AA61261F5606136ef73E28042"",""base"":""0x5576D6ed9181F2225afF5282Ac0ED29f755437Ea""}",33964
ALICE,,My Neighbor Alice,MyNeighborAlice-ALICE,myneighboralice.com,alice.png,"[""nfts"",""gaming""]","{""ethereum"":""0xAC51066d7bEC65Dc4589368da368b212745d63E8"",""bnb"":""0xac51066d7bec65dc4589368da368b212745d63e8"",""solana"":""9ARQsBfAn65q522cEqSJuse3cLhA31jgWDBGQHeiq7Mg""}",8766
CHEEL,,CHEELEE,CHEELEE-CHEEL,cheelee.us,cheel.png,"[""nfts"",""gaming"",""governance""]","{""bnb"":""0x1F1C90aEb2fd13EA972F0a71e35c0753848e3DB0""}",23054
_SERV,,OpenServ,OpenServ-_SERV,openserv.ai,_serv.png,"[""ai"",""bots""]","{""ethereum"":""0x40e3d1A4B2C47d9AA61261F5606136ef73E28042"",""base"":""0x5576D6ed9181F2225afF5282Ac0ED29f755437Ea""}",33964
ALICE,,My Neighbor Alice,MyNeighborAlice-ALICE,myneighboralice.com,alice.png,"[""nfts"",""gaming""]","{""ethereum"":""0xAC51066d7bEC65Dc4589368da368b212745d63E8"",""bnb"":""0xac51066d7bec65dc4589368da368b212745d63e8"",""solana"":""9ARQsBfAn65q522cEqSJuse3cLhA31jgWDBGQHeiq7Mg""}",8766
CHEEL,,CHEELEE,CHEELEE-CHEEL,cheelee.us,cheel.png,"[""nfts"",""gaming"",""governance""]","{""bnb"":""0x1F1C90aEb2fd13EA972F0a71e35c0753848e3DB0""}",23054
_SERV,,OpenServ,OpenServ-_SERV,openserv.ai,_serv.png,"[""ai"",""bots""]","{""ethereum"":""0x40e3d1A4B2C47d9AA61261F5606136ef73E28042"",""base"":""0x5576D6ed9181F2225afF5282Ac0ED29f755437Ea""}",33964
ALICE,,My Neighbor Alice,MyNeighborAlice-ALICE,myneighboralice.com,alice.png,"[""nfts"",""gaming""]","{""ethereum"":""0xAC51066d7bEC65Dc4589368da368b212745d63E8"",""bnb"":""0xac51066d7bec65dc4589368da368b212745d63e8"",""solana"":""9ARQsBfAn65q522cEqSJuse3cLhA31jgWDBGQHeiq7Mg""}",8766
CHEEL,,CHEELEE,CHEELEE-CHEEL,cheelee.us,cheel.png,"[""nfts"",""gaming"",""governance""]","{""bnb"":""0x1F1C90aEb2fd13EA972F0a71e35c0753848e3DB0""}",23054
_SERV,,OpenServ,OpenServ-_SERV,openserv.ai,_serv.png,"[""ai"",""bots""]","{""ethereum"":""0x40e3d1A4B2C47d9AA61261F5606136ef73E28042"",""base"":""0x5576D6ed9181F2225afF5282Ac0ED29f755437Ea""}",33964
ALICE,,My Neighbor Alice,MyNeighborAlice-ALICE,myneighboralice.com,alice.png,"[""nfts"",""gaming""]","{""ethereum"":""0xAC51066d7bEC65Dc4589368da368b212745d63E8"",""bnb"":""0xac51066d7bec65dc4589368da368b212745d63e8"",""solana"":""9ARQsBfAn65q522cEqSJuse3cLhA31jgWDBGQHeiq7Mg""}",8766
CHEEL,,CHEELEE,CHEELEE-CHEEL,cheelee.us,cheel.png,"[""nfts"",""gaming"",""governance""]","{""bnb"":""0x1F1C90aEb2fd13EA972F0a71e35c0753848e3DB0""}",23054
_SERV,,OpenServ,OpenServ-_SERV,openserv.ai,_serv.png,"[""ai"",""bots""]","{""ethereum"":""0x40e3d1A4B2C47d9AA61261F5606136ef73E28042"",""base"":""0x5576D6ed9181F2225afF5282Ac0ED29f755437Ea""}",33964
ALICE,,My Neighbor Alice,MyNeighborAlice-ALICE,myneighboralice.com,alice.png,"[""nfts"",""gaming""]","{""ethereum"":""0xAC51066d7bEC65Dc4589368da368b212745d63E8"",""bnb"":""0xac51066d7bec65dc4589368da368b212745d63e8"",""solana"":""9ARQsBfAn65q522cEqSJuse3cLhA31jgWDBGQHeiq7Mg""}",8766
CHEEL,,CHEELEE,CHEELEE-CHEEL,cheelee.us,cheel.png,"[""nfts"",""gaming"",""governance""]","{""bnb"":""0x1F1C90aEb2fd13EA972F0a71e35c0753848e3DB0""}",23054
_SERV,,OpenServ,OpenServ-_SERV,openserv.ai,_serv.png,"[""ai"",""bots""]","{""ethereum"":""0x40e3d1A4B2C47d9AA61261F5606136ef73E28042"",""base"":""0x5576D6ed9181F2225afF5282Ac0ED29f755437Ea""}",33964
ALICE,,My Neighbor Alice,MyNeighborAlice-ALICE,myneighboralice.com,alice.png,"[""nfts"",""gaming""]","{""ethereum"":""0xAC51066d7bEC65Dc4589368da368b212745d63E8"",""bnb"":""0xac51066d7bec65dc4589368da368b212745d63e8"",""solana"":""9ARQsBfAn65q522cEqSJuse3cLhA31jgWDBGQHeiq7Mg""}",8766
CHEEL,,CHEELEE,CHEELEE-CHEEL,cheelee.us,cheel.png,"[""nfts"",""gaming"",""governance""]","{""bnb"":""0x1F1C90aEb2fd13EA972F0a71e35c0753848e3DB0""}",23054
_SERV,,OpenServ,OpenServ-_SERV,openserv.ai,_serv.png,"[""ai"",""bots""]","{""ethereum"":""0x40e3d1A4B2C47d9AA61261F5606136ef73E28042"",""base"":""0x5576D6ed9181F2225afF5282Ac0ED29f755437Ea""}",33964
ALICE,,My Neighbor Alice,MyNeighborAlice-ALICE,myneighboralice.com,alice.png,"[""nfts"",""gaming""]","{""ethereum"":""0xAC51066d7bEC65Dc4589368da368b212745d63E8"",""bnb"":""0xac51066d7bec65dc4589368da368b212745d63e8"",""solana"":""9ARQsBfAn65q522cEqSJuse3cLhA31jgWDBGQHeiq7Mg""}",8766
CHEEL,,CHEELEE,CHEELEE-CHEEL,cheelee.us,cheel.png,"[""nfts"",""gaming"",""governance""]","{""bnb"":""0x1F1C90aEb2fd13EA972F0a71e35c0753848e3DB0""}",23054
_SERV,,OpenServ,OpenServ-_SERV,openserv.ai,_serv.png,"[""ai"",""bots""]","{""ethereum"":""0x40e3d1A4B2C47d9AA61261F5606136ef73E28042"",""base"":""0x5576D6ed9181F2225afF5282Ac0ED29f755437Ea""}",33964
ALICE,,My Neighbor Alice,MyNeighborAlice-ALICE,myneighboralice.com,alice.png,"[""nfts"",""gaming""]","{""ethereum"":""0xAC51066d7bEC65Dc4589368da368b212745d63E8"",""bnb"":""0xac51066d7bec65dc4589368da368b212745d63e8"",""solana"":""9ARQsBfAn65q522cEqSJuse3cLhA31jgWDBGQHeiq7Mg""}",8766
CHEEL,,CHEELEE,CHEELEE-CHEEL,cheelee.us,cheel.png,"[""nfts"",""gaming"",""governance""]","{""bnb"":""0x1F1C90aEb2fd13EA972F0a71e35c0753848e3DB0""}",23054
_SERV,,OpenServ,OpenServ-_SERV,openserv.ai,_serv.png,"[""ai"",""bots""]","{""ethereum"":""0x40e3d1A4B2C47d9AA61261F5606136ef73E28042"",""base"":""0x5576D6ed9181F2225afF5282Ac0ED29f755437Ea""}",33964
ALICE,,My Neighbor Alice,MyNeighborAlice-ALICE,myneighboralice.com,alice.png,"[""nfts"",""gaming""]","{""ethereum"":""0xAC51066d7bEC65Dc4589368da368b212745d63E8"",""bnb"":""0xac51066d7bec65dc4589368da368b212745d63e8"",""solana"":""9ARQsBfAn65q522cEqSJuse3cLhA31jgWDBGQHeiq7Mg""}",8766
CHEEL,,CHEELEE,CHEELEE-CHEEL,cheelee.us,cheel.png,"[""nfts"",""gaming"",""governance""]","{""bnb"":""0x1F1C90aEb2fd13EA972F0a71e35c0753848e3DB0""}",23054
_SERV,,OpenServ,OpenServ-_SERV,openserv.ai,_serv.png,"[""ai"",""bots""]","{""ethereum"":""0x40e3d1A4B2C47d9AA61261F5606136ef73E28042"",""base"":""0x5576D6ed9181F2225afF5282Ac0ED29f755437Ea""}",33964
ALICE,,My Neighbor Alice,MyNeighborAlice-ALICE,myneighboralice.com,alice.png,"[""nfts"",""gaming""]","{""ethereum"":""0xAC51066d7bEC65Dc4589368da368b212745d63E8"",""bnb"":""0xac51066d7bec65dc4589368da368b212745d63e8"",""solana"":""9ARQsBfAn65q522cEqSJuse3cLhA31jgWDBGQHeiq7Mg""}",8766
CHEEL,,CHEELEE,CHEELEE-CHEEL,cheelee.us,cheel.png,"[""nfts"",""gaming"",""governance""]","{""bnb"":""0x1F1C90aEb2fd13EA972F0a71e35c0753848e3DB0""}",23054
_SERV,,OpenServ,OpenServ-_SERV,openserv.ai,_serv.png,"[""ai"",""bots""]","{""ethereum"":""0x40e3d1A4B2C47d9AA61261F5606136ef73E28042"",""base"":""0x5576D6ed9181F2225afF5282Ac0ED29f755437Ea""}",33964
ALICE,,My Neighbor Alice,MyNeighborAlice-ALICE,myneighboralice.com,alice.png,"[""nfts"",""gaming""]","{""ethereum"":""0xAC51066d7bEC65Dc4589368da368b212745d63E8"",""bnb"":""0xac51066d7bec65dc4589368da368b212745d63e8"",""solana"":""9ARQsBfAn65q522cEqSJuse3cLhA31jgWDBGQHeiq7Mg""}",8766
CHEEL,,CHEELEE,CHEELEE-CHEEL,cheelee.us,cheel.png,"[""nfts"",""gaming"",""governance""]","{""bnb"":""0x1F1C90aEb2fd13EA972F0a71e35c0753848e3DB0""}",23054
_SERV,,OpenServ,OpenServ-_SERV,openserv.ai,_serv.png,"[""ai"",""bots""]","{""ethereum"":""0x40e3d1A4B2C47d9AA61261F5606136ef73E28042"",""base"":""0x5576D6ed9181F2225afF5282Ac0ED29f755437Ea""}",33964
ALICE,,My Neighbor Alice,MyNeighborAlice-ALICE,myneighboralice.com,alice.png,"[""nfts"",""gaming""]","{""ethereum"":""0xAC51066d7bEC65Dc4589368da368b212745d63E8"",""bnb"":""0xac51066d7bec65dc4589368da368b212745d63e8"",""solana"":""9ARQsBfAn65q522cEqSJuse3cLhA31jgWDBGQHeiq7Mg""}",8766
CHEEL,,CHEELEE,CHEELEE-CHEEL,cheelee.us,cheel.png,"[""nfts"",""gaming"",""governance""]","{""bnb"":""0x1F1C90aEb2fd13EA972F0a71e35c0753848e3DB0""}",23054
_SERV,,OpenServ,OpenServ-_SERV,openserv.ai,_serv.png,"[""ai"",""bots""]","{""ethereum"":""0x40e3d1A4B2C47d9AA61261F5606136ef73E28042"",""base"":""0x5576D6ed9181F2225afF5282Ac0ED29f755437Ea""}",33964
ALICE,,My Neighbor Alice,MyNeighborAlice-ALICE,myneighboralice.com,alice.png,"[""nfts"",""gaming""]","{""ethereum"":""0xAC51066d7bEC65Dc4589368da368b212745d63E8"",""bnb"":""0xac51066d7bec65dc4589368da368b212745d63e8"",""solana"":""9ARQsBfAn65q522cEqSJuse3cLhA31jgWDBGQHeiq7Mg""}",8766
CHEEL,,CHEELEE,CHEELEE-CHEEL,cheelee.us,cheel.png,"[""nfts"",""gaming"",""governance""]","{""bnb"":""0x1F1C90aEb2fd13EA972F0a71e35c0753848e3DB0""}",23054
_SERV,,OpenServ,OpenServ-_SERV,openserv.ai,_serv.png,"[""ai"",""bots""]","{""ethereum"":""0x40e3d1A4B2C47d9AA61261F5606136ef73E28042"",""base"":""0x5576D6ed9181F2225afF5282Ac0ED29f755437Ea""}",33964
ALICE,,My Neighbor Alice,MyNeighborAlice-ALICE,myneighboralice.com,alice.png,"[""nfts"",""gaming""]","{""ethereum"":""0xAC51066d7bEC65Dc4589368da368b212745d63E8"",""bnb"":""0xac51066d7bec65dc4589368da368b212745d63e8"",""solana"":""9ARQsBfAn65q522cEqSJuse3cLhA31jgWDBGQHeiq7Mg""}",8766
CHEEL,,CHEELEE,CHEELEE-CHEEL,cheelee.us,cheel.png,"[""nfts"",""gaming"",""governance""]","{""bnb"":""0x1F1C90aEb2fd13EA972F0a71e35c0753848e3DB0""}",23054
_SERV,,OpenServ,OpenServ-_SERV,openserv.ai,_serv.png,"[""ai"",""bots""]","{""ethereum"":""0x40e3d1A4B2C47d9AA61261F5606136ef73E28042"",""base"":""0x5576D6ed9181F2225afF5282Ac0ED29f755437Ea""}",33964
ALICE,,My Neighbor Alice,MyNeighborAlice-ALICE,myneighboralice.com,alice.png,"[""nfts"",""gaming""]","{""ethereum"":""0xAC51066d7bEC65Dc4589368da368b212745d63E8"",""bnb"":""0xac51066d7bec65dc4589368da368b212745d63e8"",""solana"":""9ARQsBfAn65q522cEqSJuse3cLhA31jgWDBGQHeiq7Mg""}",8766
CHEEL,,CHEELEE,CHEELEE-CHEEL,cheelee.us,cheel.png,"[""nfts"",""gaming"",""governance""]","{""bnb"":""0x1F1C90aEb2fd13EA972F0a71e35c0753848e3DB0""}",23054
_SERV,,OpenServ,OpenServ-_SERV,openserv.ai,_serv.png,"[""ai"",""bots""]","{""ethereum"":""0x40e3d1A4B2C47d9AA61261F5606136ef73E28042"",""base"":""0x5576D6ed9181F2225afF5282Ac0ED29f755437Ea""}",33964
ALICE,,My Neighbor Alice,MyNeighborAlice-ALICE,myneighboralice.com,alice.png,"[""nfts"",""gaming""]","{""ethereum"":""0xAC51066d7bEC65Dc4589368da368b212745d63E8"",""bnb"":""0xac51066d7bec65dc4589368da368b212745d63e8"",""solana"":""9ARQsBfAn65q522cEqSJuse3cLhA31jgWDBGQHeiq7Mg""}",8766
CHEEL,,CHEELEE,CHEELEE-CHEEL,cheelee.us,cheel.png,"[""nfts"",""gaming"",""governance""]","{""bnb"":""0x1F1C90aEb2fd13EA972F0a71e35c0753848e3DB0""}",23054
_SERV,,OpenServ,OpenServ-_SERV,openserv.ai,_serv.png,"[""ai"",""bots""]","{""ethereum"":""0x40e3d1A4B2C47d9AA61261F5606136ef73E28042"",""base"":""0x5576D6ed9181F2225afF5282Ac0ED29f755437Ea""}",33964
ALICE,,My Neighbor Alice,MyNeighborAlice-ALICE,myneighboralice.com,alice.png,"[""nfts"",""gaming""]","{""ethereum"":""0xAC51066d7bEC65Dc4589368da368b212745d63E8"",""bnb"":""0xac51066d7bec65dc4589368da368b212745d63e8"",""solana"":""9ARQsBfAn65q522cEqSJuse3cLhA31jgWDBGQHeiq7Mg""}",8766
CHEEL,,CHEELEE,CHEELEE-CHEEL,cheelee.us,cheel.png,"[""nfts"",""gaming"",""governance""]","{""bnb"":""0x1F1C90aEb2fd13EA972F0a71e35c0753848e3DB0""}",23054
_SERV,,OpenServ,OpenServ-_SERV,openserv.ai,_serv.png,"[""ai"",""bots""]","{""ethereum"":""0x40e3d1A4B2C47d9AA61261F5606136ef73E28042"",""base"":""0x5576D6ed9181F2225afF5282Ac0ED29f755437Ea""}",33964
ALICE,,My Neighbor Alice,MyNeighborAlice-ALICE,myneighboralice.com,alice.png,"[""nfts"",""gaming""]","{""ethereum"":""0xAC51066d7bEC65Dc4589368da368b212745d63E8"",""bnb"":""0xac51066d7bec65dc4589368da368b212745d63e8"",""solana"":""9ARQsBfAn65q522cEqSJuse3cLhA31jgWDBGQHeiq7Mg""}",8766
CHEEL,,CHEELEE,CHEELEE-CHEEL,cheelee.us,cheel.png,"[""nfts"",""gaming"",""governance""]","{""bnb"":""0x1F1C90aEb2fd13EA972F0a71e35c0753848e3DB0""}",23054
_SERV,,OpenServ,OpenServ-_SERV,openserv.ai,_serv.png,"[""ai"",""bots""]","{""ethereum"":""0x40e3d1A4B2C47d9AA61261F5606136ef73E28042"",""base"":""0x5576D6ed9181F2225afF5282Ac0ED29f755437Ea""}",33964
ALICE,,My Neighbor Alice,MyNeighborAlice-ALICE,myneighboralice.com,alice.png,"[""nfts"",""gaming""]","{""ethereum"":""0xAC51066d7bEC65Dc4589368da368b212745d63E8"",""bnb"":""0xac51066d7bec65dc4589368da368b212745d63e8"",""solana"":""9ARQsBfAn65q522cEqSJuse3cLhA31jgWDBGQHeiq7Mg""}",8766
CHEEL,,CHEELEE,CHEELEE-CHEEL,cheelee.us,cheel.png,"[""nfts"",""gaming"",""governance""]","{""bnb"":""0x1F1C90aEb2fd13EA972F0a71e35c0753848e3DB0""}",23054
_SERV,,OpenServ,OpenServ-_SERV,openserv.ai,_serv.png,"[""ai"",""bots""]","{""ethereum"":""0x40e3d1A4B2C47d9AA61261F5606136ef73E28042"",""base"":""0x5576D6ed9181F2225afF5282Ac0ED29f755437Ea""}",33964
ALICE,,My Neighbor Alice,MyNeighborAlice-ALICE,myneighboralice.com,alice.png,"[""nfts"",""gaming""]","{""ethereum"":""0xAC51066d7bEC65Dc4589368da368b212745d63E8"",""bnb"":""0xac51066d7bec65dc4589368da368b212745d63e8"",""solana"":""9ARQsBfAn65q522cEqSJuse3cLhA31jgWDBGQHeiq7Mg""}",8766
CHEEL,,CHEELEE,CHEELEE-CHEEL,cheelee.us,cheel.png,"[""nfts"",""gaming"",""governance""]","{""bnb"":""0x1F1C90aEb2fd13EA972F0a71e35c0753848e3DB0""}",23054
_SERV,,OpenServ,OpenServ-_SERV,openserv.ai,_serv.png,"[""ai"",""bots""]","{""ethereum"":""0x40e3d1A4B2C47d9AA61261F5606136ef73E28042"",""base"":""0x5576D6ed9181F2225afF5282Ac0ED29f755437Ea""}",33964
ALICE,,My Neighbor Alice,MyNeighborAlice-ALICE,myneighboralice.com,alice.png,"[""nfts"",""gaming""]","{""ethereum"":""0xAC51066d7bEC65Dc4589368da368b212745d63E8"",""bnb"":""0xac51066d7bec65dc4589368da368b212745d63e8"",""solana"":""9ARQsBfAn65q522cEqSJuse3cLhA31jgWDBGQHeiq7Mg""}",8766
CHEEL,,CHEELEE,CHEELEE-CHEEL,cheelee.us,cheel.png,"[""nfts"",""gaming"",""governance""]","{""bnb"":""0x1F1C90aEb2fd13EA972F0a71e35c0753848e3DB0""}",23054
_SERV,,OpenServ,OpenServ-_SERV,openserv.ai,_serv.png,"[""ai"",""bots""]","{""ethereum"":""0x40e3d1A4B2C47d9AA61261F5606136ef73E28042"",""base"":""0x5576D6ed9181F2225afF5282Ac0ED29f755437Ea""}",33964
ALICE,,My Neighbor Alice,MyNeighborAlice-ALICE,myneighboralice.com,alice.png,"[""nfts"",""gaming""]","{""ethereum"":""0xAC51066d7bEC65Dc4589368da368b212745d63E8"",""bnb"":""0xac51066d7bec65dc4589368da368b212745d63e8"",""solana"":""9ARQsBfAn65q522cEqSJuse3cLhA31jgWDBGQHeiq7Mg""}",8766
CHEEL,,CHEELEE,CHEELEE-CHEEL,cheelee.us,cheel.png,"[""nfts"",""gaming"",""governance""]","{""bnb"":""0x1F1C90aEb2fd13EA972F0a71e35c0753848e3DB0""}",23054
_SERV,,OpenServ,OpenServ-_SERV,openserv.ai,_serv.png,"[""ai"",""bots""]","{""ethereum"":""0x40e3d1A4B2C47d9AA61261F5606136ef73E28042"",""base"":""0x5576D6ed9181F2225afF5282Ac0ED29f755437Ea""}",33964
ALICE,,My Neighbor Alice,MyNeighborAlice-ALICE,myneighboralice.com,alice.png,"[""nfts"",""gaming""]","{""ethereum"":""0xAC51066d7bEC65Dc4589368da368b212745d63E8"",""bnb"":""0xac51066d7bec65dc4589368da368b212745d63e8"",""solana"":""9ARQsBfAn65q522cEqSJuse3cLhA31jgWDBGQHeiq7Mg""}",8766
MEY,,MeyNetwork,MeyNetwork-MEY,,mey.png,[],"{""base"":""0x8bFAc1b375bf2894D6F12fb2Eb48B1C1a7916789""}",34269
__GTC,,Gitcoin,Gitcoin-__GTC,gitcoin.co,__gtc.png,"[""education""]","{""ethereum"":""0xde30da39c46104798bb5aa3fe8b9e0e1f348163f"",""near-protocol"":""de30da39c46104798bb5aa3fe8b9e0e1f348163f.factory.bridge.near""}",10052
___TST,,Test,Test-___TST,testtoken.vip,___tst.png,"[""meme""]","{""bnb"":""0x86Bb94DdD16Efc8bc58e6b056e8df71D9e666429""}",35647
AGRS,,Agoras: Currency of Tau,AgorasCurrencyofTau-AGRS,tau.net,agrs.png,"[""smart_contract_platforms"",""ai""]","{""ethereum"":""0x738865301a9b7dd80dc3666dd48cf034ec42bdda""}",1037
________________GOAT,,Goatseus Maximus,GoatseusMaximus-________________GOAT,,________________goat.png,"[""meme""]","{""solana"":""CzLSujWBLFsSjncfkh59rUFqvafWcY5tzedWJSuypump""}",33440
CHEX,,Chintai,Chintai-CHEX,chintai.io,chex.png,[],"{""ethereum"":""0x9Ce84F6A69986a83d92C324df10bC8E64771030f"",""vaulta"":""chexchexchex"",""bnb"":""0x9Ce84F6A69986a83d92C324df10bC8E64771030f"",""solana"":""6dKCoWjpj5MFU5gWDEFdpUUeBasBLK3wLEwhUzQPAa1e""}",8534
_4,,4,4-_4,,_4.png,"[""meme""]","{""bnb"":""0x0A43fC31a73013089DF59194872Ecae4cAe14444""}",38557
_NEWT,,Newton Protocol,NewtonProtocol-_NEWT,magicnewton.com,_newt.png,"[""ai"",""bots"",""governance""]","{""ethereum"":""0xD0eC028a3D21533Fdd200838F39c85B03679285D"",""bnb"":""0xb8a677e6d805c8d743e6f14c8bc9c19305b5defc""}",36861
_F,,SynFutures,SynFutures-_F,synfutures.com,_f.png,"[""perpetuals"",""futures"",""dex"",""launchpad"",""nfts""]","{""ethereum"":""0x6e15A54B5EcAc17e58daDedDbe8506a7560252F9"",""base"":""0x2c24497d4086490e7ead87cc12597fb50c2e6ed6"",""bnb"":""0xc9cCbd76c2353e593Cc975F13295e8289d04D3Bb""}",34297
________HONEY,,Hivemapper,Hivemapper-________HONEY,hivemapper.com,________honey.png,"[""travel"",""iot""]","{""solana"":""4vMsoUT2BWatFweudnQM1xedRLfJgJ7hswhcpz4xgBTy""}",22850
SPYB,,SPY,SPY-SPYB,bstocks.finance,spyb.png,"[""asset_backed_tokens""]","{""bnb"":""0x7138b48df7d98d7e3cc221bfe7192d0a178182d8""}",40790
