id,web
snowflake-ondo-tokenized-stock,app.ondo.finance
0xdbff7c6d368904680706804645cafa4defa3c224_zksync,tevaera.com
sandisk-backpack-securities,backpack.exchange
0x86da4b72f0ce7a9d263263f521f37b3aa9a996d4_binance_smart,tokentrader.site
0xe2b1dc2d4a3b4e59fdf0c47b71a7a86391a8b35a_base,rwa.inc
quantoz-usdq,quantozpay.com
sipher,sipher.xyz
3VW31dwix6k2EdzhDgZ2zB15J7FbHYQwAUqXgktRcJEX_solana,spump.io
index-cooperative,indexcoop.com
visa-ondo-tokenized-stock,app.ondo.finance
0x9f0c013016e8656bc256f948cd4b79ab25c7b94d_mantle,mantle.xyz
anduril-prestocks-2,prestocks.com
acet-token,acet.finance
0xc2ff2e5aa9023b1bb688178a4a547212f4614bc0_base,
3BgwJ8b7b9hHX4sgfZ2KJhv9496CoVfsMK2YePevsBRw_solana,educkcoin.com
slippy-2,slippy.club
mpoxP5wyoR3eRW8L9bZjGPFtCsmX8WcqU5BHxFW1xkn_solana,monkeypoxtoken.com
fluence-2,fluence.network
anubis-bridged-usdc-anubis,
celer-bridged-usdt-conflux,blog.celer.network
0xbf8e8f0e8866a7052f948c16508644347c57aba3_base,aeon.fun
wrapped-egas,eni.top
likecoin-2,like.co
0x96c6cbb6251ee1c257b2162ca0f39aa5fa44b1fb_hyperevm,
ULwSJmmpxmnRfpu6BjnK6rprKXqD5jXUmPpS1FxHXFy_solana,hegecoin.com
superbridge-bridged-weth-soneium,
starbucks-ondo-tokenized-stock,app.ondo.finance
kinka,kinka-gold.com
safe-coin-2,safecoin.org
iqf,iqfprotocol.com
super-micro-computer-ondo-tokenized-stock,app.ondo.finance
ceramicliberty-com,cl8y.com
xterio,xter.io
midas-medge,midas.app
airswap,airswap.io
0xc72f232a6869e6cf34dc06129affd07f8a2a246a_robinhood,mancer.xyz
0xcc4adb618253ed0d4d8a188fb901d70c54735e03_base,agent-zero.ai
onocoy-token,onocoy.com
onbuff,lumiwavelab.com
wadzcoin,w-chain.com
dialectic-usd-vault,makina.finance
rings-scusd,app.rings.money
phoenixcoin,
0x9c5c365e764829876243d0b289733b9d2b729685_base,app.centrifuge.io
0x11fa1193743061591cbe47c9e0765eaebaa3a046_ethereum,nonkyotoprotocol.com
QdyjMr627PR7NtWdcEcgFmDm5haBVUWEcj4jdM4boop_solana,bythen.ai
robinhood-rstock,realityfinance.xyz
0x000000000d564d5be76f7f0d28fe52605afc7cf8_base,flaunch.gg
botto,botto.com
xswap-2,xswap.link
hahype,harmonix.fi
africarare,africarare.io
0xdeee8f25fe3b5c33aef78637278acbff23eebfa6_stable,savefefer.xyz
krav,krav.trade
infinite-ai,iai.finance
0x0-ai-ai-smart-contract,0x0.exchange
gnosis-xdai-bridged-wbtc-gnosis-chain,gnosis.io
0xf09703969cf55aa8a05ee9c76ab3013477283666_hyperevm,signal.family
clore-ai,clore.ai
bob-3,bob.fun
0x7cd7073a71eaf5f6e4febfa98460ee66cd97deb1_robinhood,playbiscotti.com
sogni-ai,sogni.ai
toyota-ondo-tokenized-stock,app.ondo.finance
l2-standard-bridged-dai-base,base.org
bridged-trueusd,tusd.io
9UNqoPEXXxEnEphmyYsZYdL5dnmAUtdiKRUchpnUF5Ph_solana,threegoldtreasury.com
hypergpt,hypergpt.ai
0x677f7e16c7dd57be1d4c8ad1244883214953dc47_chiliz,app.kayen.org
8J69rbLTzWWgUJziFY8jeu5tDwEPBwUz4pKBMr5rpump_solana,wojakmeme.fun
cakepie-xyz,pancake.magpiexyz.io
permacast,permacast.app
A13oRB9FFaiUjfi6LdCg6p9ka1u8SfGkUFs4SKvPpump_solana,eltoadpepe.fun
blackrock-inc-ondo-tokenized-stock,app.ondo.finance
stacy-staked-xtz,stacy.fi
lmeow-2,lmeow.club
0xcd94a87696fac69edae3a70fe5725307ae1c43f6_avalanche,blackhole.xyz
vanguard-xstock,xstocks.com
aladdin-dao,aladdin.club
refund,refundcoin.org
0x20c69c12abf2b6f8d8ca33604dd25c700c7e70a5_ink,catonink.com
trump-media-technology-group-corp-robinhood-token,docs.robinhood.com
0xae41b275aaaf484b541a5881a2dded9515184cca_ethereum,chainhub.trade
beethoven-x,ftm.beets.fi
arbdoge-ai,arbdoge.ai
pup-doge,pupdoge.finance
enosys,enosys.global
0x9d56c29e820dd13b0580b185d0e0dc301d27581d_base,aubr.ai
0x4d52562386c7aa854c7e9331843c5aa2e5e07777_binance_smart,x.com
SATqS9DYpLQsM2z51P4QCoqJRHa5wboV4qjJerJRUSH_solana,satrush.io
gamee,gamee.com
plebbit,
0x13d074303c95a34d304f29928dc8a16dec797e9e_ethereum,lak3.io
salute,xrpsalute.com
orion-protocol,orion.xyz
onyx-arches,onyxarches.com
yochi,yochi.eni.top
cere-network,cere.network
0xea7ebde332834c636e788819d0dcdc94ec936200_binance_smart,spendingpower.io
kucoin-bridged-usdc-kucoin-community-chain,explorer.kcc.io
0xd438b82543fb109f34575c825edaeefc98f1f2b4_binance_smart,kol4u.xyz
karencoin,
hela-usd,
samoyedcoin,
paparazzi-token,
wrapped-ncg,
xfinance,
contentos,
robostrategy-backpack-securities,
pulsechain-tiger,
janus-henderson-aaa-clo-etf-dinari-tokenized-etf,
berkshire-hathaway-xstock,
69kdRLyP5DTRkpHraaSZAQbWmAwzF9guKjZfzMXzcbAs_solana,
compound-uniswap,
reserve-ai-power-dtf,
tominet,
8k4sBtEeK4pf26noKqApv8NBTnuSJcbdwpKYknk5PbAA_solana,
0x70737489dfdf1a29b7584d40500d3561bd4fe196_base,
reality-metaverse,
edum,
utrade,
cellframe,
0x0d2a63e9a769cad5d881e182546c47743f400cce_binance_smart,
trias-token,
0xf086c53f2780e601f0d005fabb3ee5a220336062_robinhood,
0x126f5ece91d971f8ad62fa4fc1054456b8bd1111_ethereum,
midas-btc-yield-token,
blocktrader365,
graniteshares-2x-long-intc-etf-bstocks-tokenized-stock,
0xb1a03eda10342529bbf8eb700a06c60441fef25d_base,
xoxno-staked-egld,
metacade,
winr-protocol,
shibadoge,
magic-internet-money,
0x7b10d50b5885be4c7985a88408265c109bd1eec8_ethereum,
sappy-seals-pixl,
sovryn,
yooldo-games,
direxion-daily-semiconductor-bull-3x-shares-etf-rstock,
0xb20000000000000000000070f6c1a66d7c1e4d01_base,
0x6952c5408b9822295ba4a7e694d0c5ffdb8fe320_binance_smart,
CreiuhfwdWCN5mJbMJtA9bBpYQrQF2tCBuZwSPWfpump_solana,
handl-pay,
karate-combat,
gram-2,
microstrategy-coinbase-tokenized-stock,
black-dragon,
0xa3b6aee90017b72c0812dc1e013de70eb2917ba3_robinhood,
cornucopias,
0x7163ae1b5aea2f09ebc609c52b4dcac0a7a4bc2d_robinhood,
sandisk-corporation-robinhood-tokenized-stock,
0x52d0ac6a76da6e4a5168a60c423f7ff0285534b1_base,
corning-bstocks-tokenized-stock,
web-3-dollar,
spdr-s-p-500-etf-rstock,
meta,
rovr-network,
bridged-wrapped-bitcoin-scroll,
atari,
soneium-bridged-usdc-soneium,
icy,
direxion-mu-bull-2x-etf-bstocks-tokenized-stock,
xswap-bridged-usdc-0g,
grid-by-virtuals,
cashbackpro,
AUuCEHQ7sm2i5GmaHrpE961voWcTY8U6mgrkhcV7pump_solana,
0x2cc0fac44b8252f6b10208b091aff2c94b4da77d_robinhood,
equinix-ondo-tokenized-stock,
0xba3f535bbcccca2a154b573ca6c5a49baae0a3ea_ethereum,
0x140007c65535aa9c3801ea3bbd3f83c378c7f457_ethereum,
0x352b850b733ab8bab50aed1dab5d22e3186ce984_base,
coinbase-rstock,
trump-media-technology-group-cord-bstocks-tokenized-stock,
genius-token,
0x28561b8a2360f463011c16b6cc0b0cbef8dbbcad_ethereum,
CN162nCPpq3DxPCyKLbAvEJeB1aCxsnVTEG4ZU8vpump_solana,
0x85e90a5430af45776548adb82ee4cd9e33b08077_base,
veno-finance,
trabzonspor-fan-token,
0x19f46fddbac1ab00d203cc80515a44e320260419_binance_smart,
leopold,
0xa26992c4268a8a78a4d872fe4bdad2ed03ac287d_robinhood,
0xcdbddbdefb0ee3ef03a89afcd714aa4ef310d567_ethereum,
moe-3,
leash,
0xcb76314c2540199f4b844d4ebbc7998c604880ca_ethereum,
wojak,
phantasma,
deepstate,
fluxbot,
doge-kaki,
binance-peg-tezos-token,
9wK8yN6iz1ie5kEJkvZCTxyN1x5sTdNfx8yeMY8Ebonk_solana,
incomrwa,
palantir-technologies-bstocks-tokenized-stock,
byte,
yom,
mansioncoin,
celo-euro,
vault-2,
troll-face,
0x5b81efe5e0ba2b31c0ed843b908a2c45fe6e14c5_robinhood,
welsh-corgi-coin,
vouch,
rift-ai,
0xaff2565091e7207191dbe340b8528d02fa78d044_ethereum,
signum,
0xca18a528ea897040f715edc92e6e4572780c5ca1_base,
nerva,
auditchain,
superfortune,
0x8f08b70456eb22f6109f57b8fafe862ed28e6040_ethereum,
EQBKRSNRkeP1-2jcg5T_f__0s5Hj-vrbfNLMQy8dnZs7xd_p_the-open-network,
based-eth,
bitcoin-dollar,
nodle-network,
roco-finance,
0x5f62c57e5c537887117eef828b7e3ad41c009feb_robinhood,
quantumcoin,
harambe,
symbiosis-finance,
rezor,
moew,
0x4fec966f98d8530507787d947d1ab24fa145a999_x-layer,
yfii-finance,
ch7rTovcUK7C1zNFM7F93kXU2CByYUsJT4pwYx7pump_solana,
tenbin-brazilian-real,
holdstation-2,
4chan,
67_bittensor,
unit-virtual,
0xca530408c3e552b020a2300debc7bd18820fb42f_ethereum,
xmoney-2,
garden-2,
applovin-xstock,
0x0f61edbfe6cd86024c0f210c0695b08df55fdfc9_base,
mcncoin,
sandisk-coinbase-tokenized-stock,
pendulum-chain,
rocket-lab-ondo-tokenized,
cognify,
synapse-power,
piratecash,
0xf8584516b7d2c156c763c874d6813e06b57e4cb5_binance_smart,
starlink,
linde-plc-ondo-tokenized-stock,
microsoft-coinbase-tokenized-stock,
helium-iot,
0xffff003a6bad9b743d658048742935fffe2b6ed7_avalanche,
dTzEP9JU2NRDPuWtM32gaVKip2fTHBqjheU1APBpump_solana,
myria,
spacex-coinbase-tokenized-stock,
aura-finance,
sovryn-dollar,
l2-standard-bridged-weth-modee,
0xef282b38d1ceab52134ca2cc653a569435744687_avalanche,
bearxrpl,
ronnie-2,
sharering,
arcana-3,
0x45443a4a7b58ab26a4b4d72616cf36d5aae7188c_robinhood,
unit-pump,
servicenow-ondo-tokenized-stock,
0x0606fc632ee812ba970af72f8489baaa443c4b98_ink,
boss,
wirex,
pawtato,
fusd-by-the-fedz,
goat-network,
LASocYgQAo8GfypSjedNQgLft8y8DVGg1kSqR3smeta_solana,
0x3ca20831ebea5c99aa6e574d83f0a7c733f7e4d0_ethereum,
camp-network,
pmx500,
0xe92f7fe3eaf61df28b7b75f3faab199333c42302_binance_smart,
0x3054e8f8fba3055a42e5f5228a2a4e2ab1326933_base,
harrypotterobamasonic10inu,
2d9db8a89f074aa045eab177f23a3395f62ced8b53499a9e4ad46c80464c4f57_cardano,
H8xQ6poBjB9DTPMDTKWzWPrnxu4bDEhybxiouF8Ppump_solana,
0xfc6be825925b7a83d131e33b46efef9084f0e014_binance_smart,
hefe,
0x3fb46c4db76d8e9f69f3f8388f43a7ca7e140807_xdc-network,
BBKPiLM9KjdJW7oQSKt99RVWcZdhF6sEHRKnwqeBGHST_solana,
coreweave-ondo-tokenized,
richquack,
0xa69f80524381275a7ffdb3ae01c54150644c8792_base,
pop-2,
bnpl-pay-2,
zksync-bridged-wbtc-zksync,
ime-lab,
0xf0a28bddac9d3045c95bf57df033e80685d881c0_binance_smart,
neuy,
usd-2,
0x937a1cfaf0a3d9f5dc4d0927f72ee5e3e5f82a00_base,
coreweave-bstocks-tokenized-stock,
rebel-cars,
pooh,
bonkearn,
milo-inu,
dogi,
USCRdwZP5UkKhJzhWuD7XjTUviHBtZJbLG7XpbKng9S_solana,
0xe02c53d448a62067b2ac10ed70f5bc6c29471386_robinhood,
0x0c5142bc58f9a61ab8c3d2085dd2f4e550c5ce0b_base,
united-founders-group,
Cy1GS2FqefgaMbi45UunrUzin1rfEmTUYnomddzBpump_solana,
poocoin,
mistery,
global-x-copper-miners-etf-ondo-tokenized-etf,
stablecorp-qcad,
frontier-token,
rai,
bitsocial,
eris-amplified-luna,
amnis-staked-aptos-coin,
reserve-robotics-dtf,
0x6b1d42927b1a84ec28fa88d4fc6fa7af404966be_robinhood,
0xd5f1afea47b1a9eab414d2ee740cf1d6d039e725_robinhood,
the-original-doge,
0xd95b9a5fa7c2708fd4fe0e07e59bde1ef35b194a_ink,
0x4a72b9702f991b790788f8afa9e7112541f4e8f8_robinhood,
ajna-protocol,
dynamic-crypto-index,
wrapped-apecoin,
staked-inv,
rubidium,
rhypurr,
general-electric-ondo-tokenized-stock,
planet-ix,
l2-standard-bridged-weth-megaeth,
airbnb-ondo-tokenized-stock,
9JK2U7aEkp3tWaFNuaJowWRgNys5DVaKGxWk73VT5ray_solana,
gauntlet-usdt-balanced,
mint-token,
hydrex,
0x1bf6634969eb3877759d31eefe60b974e57a8b28_polygon-pos,
vouch-staked-pls,
0x02e75d28a8aa2a0033b8cf866fcf0bb0e1ee4444_binance_smart,
0xe2512a2f19f0388ad3d7a5263eaa82acd564827b_ethereum,
dill,
reserve-ai-infrastructure-dtf,
119_bittensor,
strata-junior-usdat,
bouncebit-usd-2,
7HgfXftRBBqsYtAEYcqjGLQrNJLL6Tww9ek4rE3Apump_solana,
skill-stacker,
ageur,
vaneck-semiconductor-etf-bstocks-tokenized-stock,
netflix-xstock,
trac-network,
finvesta,
wrapped-klay,
thales,
maga,
coherent-ondo-tokenized,
signata,
the-big-five,
QUESTP8xKMfot3ErcdfWXsHbG3kN9mutieAqrVNw74s_solana,
Ey59PH7Z4BFU4HjyKnyMdWt5GGN76KazTAwQihoUXRnk_solana,
0x2a92525fda8d3ab481f8e2a913b64b64bd1c9fdd_ethereum,
wanbtc,
six,
scallop-2,
0x2f733095b80a04b38b0d10cc884524a3d09b836a_fantom,
iren-limited-bstocks-tokenized-stock,
STREAMribRwybYpMmSYoCsQUdr6MZNXEqHgm7p1gu9M_solana,
0x9a70815dfb644a24b57358e1041f8d0324c8f6e1_binance_smart,
troll,
taboshi,
rainbow-bridged-usdt-aurora,
crypto-asset-governance-alliance,
kodiak-finance,
0x8185eaf46136a3f095c60facd97eca1bfc2f38f6_base,
GkyPYa7NnCFbduLknCfBfP7p8564X1VZhwZYJ6CZpump_solana,
moochii,
mountain-protocol-usdm,
xitcoin,
bigshortbets,
gamefi,
0xbc45647ea894030a4e9801ec03479739fa2485f0_base,
chain-key-ethereum,
0xf442ff10b8def89514560a66c0ad28777094636a_ethereum,
leverup-usd,
the-earn-bull,
invesco-qqq-trust-bstocks-tokenized-stock,
best-patent-token,
0x0aeba21655185583367f19d0c882dfc654c6dd54_cronos,
zyfi,
meditechx,
gauntlet-usd-alpha,
GnFMf6JVRhAqPbA9r8yW16xycynKNkXfbaYbusLEpump_solana,
zulu-network,
bigwater,
ishares-silver-trust-xstock,
gt3-finance,
layerzero-bridged-usdc-aptos,
0xa023316fa5c85dadf008c611790b3235433e781e_base,
wrapped-mistcoin,
neoxa,
roundhill-memory-etf-rstock,
netnet,
rails,
0x1f1c695f6b4a3f8b05f2492cef9474afb6d6ad69_base,
stamp-3,
unit-ansem,
gorbagana,
0xca73ed1815e5915489570014e024b7ebe65de679_base,
CGEDT9QZDvvH5GmVkWJH2BXiMJqMJySC9ihWyr7Spump_solana,
dar-open-network,
udao,
0x970a341b4e311a5c7248dc9c3d8d4f35fedfa73e_ethereum,
voxies,
bankroll-vault,
solnic,
ondo-high-income-powered-by-blackrock,
42-coin,
openvpp-2,
58_bittensor,
cream-2,
yieldfi-ybtc,
0x8993129d72e733985f7f1a00396cbd055bad6f817fee36576ce483c8bbb8b87b::sudeng::SUDENG_sui,
bridged-usd-coin-manta-pacific,
EQBsosmcZrD6FHijA7qWGLw5wo_aH8UN435hi935jJ_STORM_the-open-network,
cortensor,
ast-spacemobile-bstocks-tokenized-stock,
thunder-token,
alienbase,
AxriehR6Xw3adzHopnvMn7GcpRFcD41ddpiTWMg6pump_solana,
synatra-staked-sol,
GvUCjmWSXA5hrTh9smmNA1AU55YCtP9mDLQcrKA1pump_solana,
tontoken,
ishares-silver-trust-robinhood-tokenized-stock,
og-roaring-kitty,
6ogzHhzdrQr9Pgv6hZ2MNze7UrzBMAFyBBWUYp1Fhitx_solana,
blockdag,
abbott-ondo-tokenized-stock,
cypherium,
unichain-bridged-wbtc-unichain-2,
layerzero-usdc,
wall-street-pepe,
0xf1e9baa65d418a9025e1851dd2d37f1ad208bba3_base,
alto-dusd,
wrapped-hlp,
neemo-staked-astar,
core-2,
0xa7f7d14618271b720609c45e7ae9e09f7dea01ae_base,
arai,
sk-hynix-ondo-tokenized,
saveplanetearth,
ondo-magnificent-7-and-crypto-portfolio,
H2c31USxu35MDkBrGph8pUDUnmzo2e4Rf4hnvL2Upump_solana,
blox-myrc,
0x292fcdd1b104de5a00250febba9bc6a5092a0076_ethereum,
ember-earn,
orcib,
0x51fb76be80ab6daaa345d818f4e06441816b4fea_robinhood,
dogz,
runecoin,
6yjNqPzTSanBWSa6dxVEgTjePXBrZ2FoHLDQwYwEsyM6_solana,
argentine-football-association-fan-token,
0xfd82d8db539b6ace0d50815845133767e24f1e18_robinhood,
vitarna,
mintlayer,
adamant-messenger,
napoli-fan-token,
dogegf,
5SVG3T9CNQsm2kEwzbRq6hASqh1oGfjqTtLXYUibpump_solana,
gauntlet-weth-balanced,
0xc0d3700000987c99b3c9009069e4f8413fd22330_base,
hoppy-meme,
eth0,
zauthx402,
froth,
gochain,
stratovm,
stablr-euro,
wrapped-spacex-xstock,
0x17d70172c7c4205bd39ce80f7f0ee660b7dc5a23_base,
0xd55210bb6898c021a19de1f58d27b71f095921ee_ethereum,
8wxkvAfEns76yBzu4MnbV7VnXWjg3iDPA9uwAQ6cpump_solana,
taiwan-semiconductor-manufacturing-robinhood-tokenized-stock,
lumentum-holdings-bstocks-tokenized-stock,
xbtc-2,
staked-tenbin-brazilian-real,
base-god,
tharwa-usd,
moon-tropica,
atehun,
wrapped-usdm,
0x767a739d1a152639e9ea1d8c1bd55fdc5b217d7f_base,
0xc325b7e2736a5202bd860f5974d0aa375e57ede5_abstract,
gork,
hoge-finance,
hyperchainx,
0x3333b97138d4b086720b5ae8a7844b1345a33333_sonic,
jd-com-ondo-tokenized-stock,
bombcrypto-coin,
binance-peg-firo,
EN2nnxrg8uUi6x2sJkzNPd2eT6rB9rdSoQNNaENA4RZA_solana,
siaprime-coin,
0x9cb41fd9dc6891bae8187029461bfaadf6cc0c69_base,
401jk,
xtusd,
0x0cbf291ba052174879d90bf781df1a5f2bc5bb07_base,
0x11b70d0243baf75e85ce03201a92b5b7c33beb59_robinhood,
akita-inu-5,
luckycoin,
bomber-coin,
shiba-inu-treat,
mastercard-ondo-tokenized-stock,
xxcoin,
0x0f7dc5d02cc1e1f5ee47854d534d332a1081ccc8_ethereum,
wells-fargo-ondo-tokenized-stock,
0xf49725118cb0707b8706ffffe895f3ab16da7777_binance_smart,
liquid-loans-usdl,
0x731814e491571a2e9ee3c5b1f7f3b962ee8f4870_base,
xdoge-2,
0xc269d59a0d608ea0bd672f2f4616c372d8554444_binance_smart,
bitcoin-5,
chateau-usd,
0x0b3ae50babe7ffa4e1a50569cee6bdefd4ccaee0_base,
lookscoin,
lit-protocol,
human-protocol,
xl1,
0xea237441c92cae6fc17caaf9a7acb3f953be4bd1_plume-network,
up-token-2,
green-satoshi-token,
oPAiAikWTaFj9RYoRFD35ccfwhnMcB3ThgBZRHSkjTZ_solana,
idexo-token,
0x57912720381af14b0e5c87aa4718ed5e527eab60b3801ebf702ab09139e38b_starknet,
0xe4eeb461ad1e4ef8b8ef71a33694ccd84af051c4_linea,
sapling,
defactor,
eli-lilly-robinhood-tokenized-stock,
blackcardcoin,
hunt-2,
gini,
one-life-its-worth-an-attempt-2,
binance-peg-iotex,
73xsLcBnLnc9bh81cqVKqj8uEyiarXng5ZwJuTbnVebG_solana,
treecle,
juris-protocol,
ocicat-token,
pyth-eth,
digitalbits,
azen,
vanguard-s-p-500-etf-rstock,
rocket-lab-rstock,
rome-stablecoin,
fust-token,
goldman-sachs-ondo-tokenized-stock,
dream-machine-token,
0x0d0b4a6fc6e7f5635c2ff38de75af2e96d6d6804_cronos,
microsoft-rstock,
boeing-ondo-tokenized-stock,
hackenai,
zerotrust,
costco-ondo-tokenized-stock,
unitedhealth-ondo-tokenized-stock,
9dLuVbJMd4ZpTpFgmaFHAGSsFwVjtcnzFWaLAA1expHg_solana,
elizaos,
arianee,
ethy-ai,
loyal,
0x788d96f655735f52c676a133f4dfc53cec614d4a_fraxtal,
0xfe7e19cbce2f896c6c528bc355baf5a768291e18_robinhood,
tensorplex-staked-tao,
take-two-interactive-software-robinhood-tokenized-stock,
0x282a69142bac47855c3fbe1693fcc4ba3b4d5ed6_ethereum,
kaspy,
big-pump,
btc-2x-flexible-leverage-index,
south-korea-bull-3x-etf-bstocks-tokenized-stock,
crypto-com-bridged-dai-cronos,
shitzu,
oracle-rstock,
0xf04d220b8136e2d3d4be08081dbb565c3c302ffd_base,
windoge98,
0x85eac631c800af804476b140f87039f742c28ba3_base,
stonk-fi,
everrise,
qubitcoin-2,
shadow-liquid-staking-token,
truefi,
strategy-dinari-tokenized-stock,
0x83a49b808f8d5e02cb2931cd2352988f498e5ba3_robinhood,
neos-credits,
wrapped-peaq,
gaiai,
baidu-ondo-tokenized-stock,
TAt4ufXFaHZAEV44ev7onThjTnF61SEaEM_tron,
8Ki8DpuWNxu9VsS3kQbarsCWMcFGWkzzA8pUPto9zBd5_solana,
0xd1f2586790a5bd6da1e443441df53af6ec213d83_ethereum,
0x2d2d8449ec0bb78c497c36ffaac583dff4bd4444_binance_smart,
xfund,
nokia-ondo-tokenized,
hi-dollar,
stbl-usst,
monkeys-2,
advanced-micro-devices-rstock,
sk-hynix-robinhood-token,
yolo-2,
0x32a976482bf4154961bf20bfa3567a80122fdf8e8f8b28d752b609d8640f7846::miu::MIU_sui,
upx,
109_bittensor,
6D7NaB2xsLd7cauWu1wKk6KBsJohJmP2qZH9GEfVi5Ui_solana,
metis-bridged-weth-metis-andromeda,
meta-platforms-bstocks-tokenized-stock,
solo-coin,
contango,
0x4cb85e39d5622af604405077a589c3078f3a59b2_avalanche,
kohenoor-2,
0x87669801a1fad6dad9db70d27ac752f452989667_x-layer,
red-hare-coin,
xido-finance,
giant-token,
panther,
trufin-staked-inj,
stake-dao-fxn,
0x13c0ff45d019a5888db92631f18556211001883d_cronos,
anchored-coins-eur,
axiome,
uwon,
strive-series-a-preferred-dinari-tokenized-stock,
paypal-ondo-tokenized-stock,
kompete,
goldenboys,
0x0c41f1fc9022feb69af6dc666abfe73c9ffda7ce_base,
0xcab84bc21f9092167fcfe0ea60f5ce053ab39a1e_ethereum,
dacat,
skey-network,
sigmadotmoney,
accenture-ondo-tokenized-stock,
costco-robinhood-tokenized-stock,
0x43a35c1425a0125ef8c171f1a75c6f31ef8648edcc8324b55ce1917db3f9b91_starknet,
0xf107edabf59ba696e38de62ad5327415bd4d4236_ethereum,
reflexer-ungovernance-token,
dejitaru-tsuka,
tenset,
defi-tiger,
convertible-jpy-token,
0x0e01e3afd147c7f079ea19d0eca166ad3a22e79d_hyperevm,
bitvault-signal-2,
0xbc7755a153e852cf76cccddb4c2e7c368f6259d8_base,
defi-ira,
26_bittensor,
saito,
flux-token,
loxi-2,
magpie,
0xa4ddf89a40a35264e9d7f896a1ef01c59b1e977a_robinhood,
shina-inu,
ishares-semiconductor-etf-ondo-tokenized,
AKEWE7Bgh87GPp171b4cJPSSZfmZwQ3KaqYqXoKLNAEE_eclipse,
zkas,
osmosis-alleth,
0xfb69e2d3d673a8db9fa74ffc036a8cf641255769_binance_smart,
0x34a1d2105dd1b658a48ead516a9ce3032082799c_avalanche,
bnq-global,
icpanda-dao,
reth2,
CwSNUU54NLJt4qbGg5S8TUzJYxjYAfL4VrPr7zvJpump_solana,
neutrino,
blockchainspace,
the-abyss,
orange-2,
strategy-stretch-preferred-dinari-tokenized-stock,
openverse-network,
binance-peg-ontology,
0x9fa1c5e90a11294f83a9f135b81ad1b537a5ffdc_robinhood,
wrapped-conflux,
qubetics,
hello-labs,
jurassic-finance,
eli-lilly-xstock,
coca-cola-xstock,
top-network,
real-token,
vertiv-ondo-tokenized,
dfdv-xstock,
qbx,
solanahub-staked-sol,
zmine,
dell-bstocks-tokenized-stock,
bitcoinbam,
otherworld,
strata-junior-mm1-usd,
adobe-bstocks-tokenized-stock,
0x81a224f8a62f52bde942dbf23a56df77a10b7777_monad,
polygon-hermez-bridged-usdt-polygon-zkevm,
ducatus,
shiba-predator,
nike-ondo-tokenized-stock,
vesper-finance,
franklin-us-large-cap-multifactor-index-etf-ondo-tokenized,
nexira-daep,
unicrypt-2,
idrx,
steam,
docs-insight-tatsu,
salesforce-ondo-tokenized-stock,
usdm1,
qopro,
changer,
international-business-machines-xstock,
proximax,
nvidia-dinari-tokenized-stock,
0x000000daa580e54635a043d2773f2c698593836a_blast,
0x3ba500f1ababbcf0f0247d06d1c56fd7e6c4c09d_robinhood,
sudoswap,
iboxx-high-yield-corporate-bond-etf-ondo-tokenized-etf,
DtwN3PHiKEpK1MSekViVC8QifdRJCkML6HG16sXHpump_solana,
ar-io-network,
xpack,
bitcoin-2,
0xded852de9fe9ba9b6f27f39e8e81cf851a5c79cc_robinhood,
0x180b25beb6c84c2b3855e630d50c965425fb5de2_binance_smart,
disney-ondo-tokenized-stock,
zeny,
slinky-layer,
fiamma-btc,
turbos-finance,
0x4a88cf518ea6b7d1184184d6eab78df7252a74f1_robinhood,
dagger,
franklin-income-equity-focus-etf-ondo-tokenized,
galaconnect-bridged-ethfi-galachain,
0x8e62f281f282686fca6dcb39288069a93fc23f1c_robinhood,
banxchange,
dev-tommy-jingl,
kardiachain,
fluence-energy-bstocks-tokenized-stock,
reddcoin,
figure-technology-solutions-ondo-tokenized-stock,
tagspace,
starslax,
boop-2,
hooked-protocol,
catwifmask,
0x6ea8211a1e47dbd8b55c487c0b906ebc57b94444_binance_smart,
pepons-2,
klima-dao-2,
gammaswap,
6mJoQqcPEjiQ1hFya9oH6NBCQLhvS3mwVQWV9EcTHg9u_solana,
kima,
bifrost-bridged-usdc-bifrost,
bitmine-immersion-technologies-rstock,
wax-bridged-usdc-wax,
polymath,
areon-network,
2JcXacFwt9mVAwBQ5nZkYwCyXQkRcdsYrDXn6hj22SbP_solana,
whitebridge,
portugal-national-team-fan-token,
chipotle-ondo-tokenized-stock,
redfox-labs-2,
riecoin,
eggle-energy,
fidu,
million,
5tCju6YNxHq5zrA6tGndr6F7TK42mpUFmeE31cSFpump_solana,
7ga6rtE9qSb3wdEiDCpTu2kHqoGVfT52jD8ign1rYTvx_solana,
C7heQqfNzdMbUFQwcHkL9FvdwsFsDRBnfwZDDyWYCLTZ_solana,
chevron-xstock,
68Nq68CrtLVpyvK5Un7UADiNczaGf39hBbj3diRsYj6D_solana,
imgn-labs,
credo-technology-bstocks-tokenized-stock,
hyperwave-hype,
faya,
DJTu7vi8norVzdVAffgvb39VP7wjKeTsgaMBJrzfxvoF_solana,
8ncucXv6U6epZKHPbgaEBcEK399TpHGKCquSt4RnmX4f_solana,
prism,
guild-of-guardians,
meeds-dao,
crecoin,
Bo9jh3wsmcC2AjakLWzNmKJ3SgtZmXEcSaW7L2FAvUsU_solana,
wfca,
0x8d4dfaaa4198b6486e0293fec914c2b6a821d4dc_robinhood,
glo-dollar,
ethereum-push-notification-service,
cudos,
rizzmas-3,
us-sonic-dollar,
CJjraBaedPnKzjnag12i7PVo5pSP6cB9heV8zr89bonk_solana,
66bHtzcXqmLgkn668EG4ETzHL3RLz5ybdckqvrPppump_solana,
0xedaee44320107caa714baaec486261a87f27022d_robinhood,
tidecoin,
asml-bstocks-tokenized-stock,
kin,
0xa1b644aec990ad6023811ced36e6a2d6d128c7c9_berachain,
ishares-msci-south-korea-etf-ondo-tokenized,
0x0511df77e420c9c37b065ddb7973d0f81430a092_ethereum,
moonThZEkkTVoNB7v6YVCQiT56JYDZ1oN185ba3WizL_solana,
ufo-gaming,
AT13ipG8K4HDyEJm3H1ZVQV2Bw8sihewoLQReSMsYo3o_solana,
draggin-karma-points,
0xb200000000000000000000fd2f87532b90095211_base,
taonado,
0x043eb4b75d0805c43d7c834902e335621983cf03_base,
0x3dc8e2d80b6215a1bccae4d38715c3520581e77c_binance_smart,
dola-borrowing-right,
bloom-energy-ondo-tokenized,
play-solana-token,
pandora,
real-world-services,
wrapped-astr,
3psH1Mj1f7yUfaD5gh6Zj7epE8hhrMkMETgv5TshQA4o_solana,
rootstock-bridged-usdt-rootstock,
azit,
FDEF2U9geiWS7sdGPCUo2r1wGswkJr2mmVTECiH6pump_solana,
v-systems,
hakka-finance,
tower,
usa-rare-earth-bstocks-tokenized-stock,
wrapped-bitcoin-sollet,
0x923d915ddf0fe60c04addac68e13f0d5af03164f_robinhood,
flarecat,
0x352a746f58fd970358593b8f60d1283a46f90528_robinhood,
0x16391c40e85fb2246a2c8c17bfa2594c5d3ef84b_robinhood,
talex,
puff-the-dragon,
mochi-thecatcoin,
salt,
crowdstrike-xstock,
blocklords,
0x8e98a62a995a50eca9979bfa016f91bf36a8f9d9_arc,
waterneuron,
uber-ondo-tokenized-stock,
levva-protocol,
0xceebf25b318201f1f949be2fabbfcee231737139_robinhood,
chirp-token,
aurora-dao,
rezerve-money,
lobo-the-wolf-pup-runes,
strive-rstock,
4MrsXQzaosYNyFd4wKDvgnC5xRtRqgXRrijFTGj9pump_solana,
camelot-token,
5eEJpwFtBJTn7n9f6ryWmHjkPUQQghHt4YjvtMSjEEwj_solana,
corning-ondo-tokenized,
0xef67e3064bef1a27e81925ec7132f23e533bd5f6_robinhood,
crypto-clouds,
4everland,
cad-digital,
earnbet,
0x94641b97010608c3827fb058074889f19868ff33_robinhood,
celer-bridged-usdc-conflux,
caesar,
mu-digital-mubond,
pepebrc,
0x797f214a2cd64a4963a91fa21c8c55ec3eba4714_base,
forgive-me-father,
oracle-robinhood-tokenized-stock,
0xb68a20b9e9b06fde873897e12ab3372ce48f1a8a_binance_smart,
0x00000000000000000000000000000000007e545e_hedera-hashgraph,
arteris-ondo-tokenized,
tokenomy,
singularitynet,
why,
0x47bb061c0204af921f43dc73c7d7768d2672ddee_hyperevm,
vk-token,
zkml,
0x1121acc14c63f3c872bfca497d10926a6098aac5_ethereum,
amplifyworld,
0xd77552d3849ab4d8c3b189a9582d0ba4c1f4f912_berachain,
28G7z3VyHDFNhrnvSTf1GssKoGrtCrdiguASQy2BsHiF_solana,
wrapped-viction,
roundhill-memory-etf-backpack-securities,
plugin,
autocompounding-voting-kat,
galvan,
9qriMjPPAJTMCtfQnz7Mo9BsV2jAWTr2ff7yc3JWpump_solana,
x2y2,
s-p-global-ondo-tokenized-stock,
mxc,
0x10c56f005a379f8eafc88ff5c3f40d30f0031ac9_base,
8NCievmJCg2d9Vc2TWgz2HkE6ANeSX7kwvdq5AL7pump_solana,
polygon-hermez-bridged-usdc-polygon-zkevm,
bridged-wrapped-ether-x-layer,
everid,
evereth,
B5WTLaRwaUQpKk7ir1wniNB6m5o8GgMrimhKMYan2R6B_solana,
bridged-wrapped-ether-eclipse,
rnt-token,
artrade,
node-sys,
alibaba-robinhood-tokenized-stock,
meta-platforms-rstock,
ceylon,
motion-6,
paraswap,
cellar,
D1YZZg9dBZ7AbfknZVbaeVLto36eySwoFYEVhZrD4F4n_solana,
BreuhVohXX5fv6q41uyb3sojtAuGoGaiAhKBMtcrpump_solana,
0x7a224b67aaa360e48402aab4ff12d89eef9b4cf8_chiliz,
0xf8b1b47aa748f5c7b5d0e80c726a843913eb573a_base,
orbit-bridge-klaytn-usdc,
solarba,
kizuna,
minidoge-5,
energi,
0x844c03892863b0e3e00e805e41b34527044d5c72_base,
asml-xstock,
flute,
0x90ec58ef4cc9f37b96de1e203b65bd4e6e79580e_base,
x95HN3DWvbfCBtTjGm587z8suK3ec6cwQwgZNLbWKyp_solana,
wagmi-2,
rt-pool-cc-token-v2,
0xa6e3eacdf8e6a1ea02052693838f3653fa3bffff_binance_smart,
DmxDBXTxEnNXVNNVVZe9QhgoKnr8anjE1b49dpZapump_solana,
0x3b991130eae3cca364406d718da22fa1c3e7c256_ethereum,
chain-key-usdt,
0x3b005fefc63ca7c8d25ee21fba3787229ba4cf03_scroll,
0x03c7054bcb39f7b2e5b2c7acb37583e32d70cfa3_bob-network,
0xe1ab61f7b093435204df32f5b3a405de55445ea8_binance_smart,
obol-2,
cypherpunk-technologies-bstocks-tokenized-stock,
iousdc,
netflix-ondo-tokenized-stock,
roko-network,
american-express-ondo-tokenized-stock,
spdr-bloomberg-1-3-month-t-bill-etf-anchored-tokenized-etf,
0xb235cf255b48500df4459475e054e7beb25cb772_base,
pussy-financial,
adobe-ondo-tokenized-stock,
for-sale,
0xcbf4d5efa82e32a9187385480a7c74cb062b956c_ethereum,
doordash-ondo-tokenized-stock,
pyth-usdc,
DitHyRMQiSDhn5cnKMJV2CDDt6sVct96YrECiM49pump_solana,
0xc6405d7a226e1c18e559be2f335f74c01ad07bf5_base,
catcoin,
syfu-excavation-token,
krwt,
coin-capsule,
0xab964f7b7b6391bd6c4e8512ef00d01f255d9c0d_base,
0xd0cc2b0efb168bfe1f94a948d8df70fa10257196_ethereum,
BeFtLwLtS9Rva12KrHKRMY1H5WoeM1Y2ULMnNJKopump_solana,
roblox-rstock,
ether-fi-staked-eigen,
super-micro-computer-bstocks-tokenized-stock,
qi-dao,
near-intents-bridged-sol,
banano,
xfee,
CFNRDaxFcvRwRSNnA5cHrCCr6AHhk9dNkHWpRUjNupFL_solana,
0x0709f39376deee2a2dfc94a58edeb2eb9df012bd_abstract,
lumentum-holdings-ondo-tokenized,
0x16332535e2c27da578bc2e82beb09ce9d3c8eb07_base,
0x6ff45323817d1d53bbb8a8dfba9245ae74057777_binance_smart,
ishares-silver-trust-rstock,
ethos-3,
graniteshares-2x-long-mrvl-etf-bstocks-tokenized-stock,
merchant-token,
water-rabbit,
rizzmas,
celer-bridged-usdc-astar,
jetton,
blocksquare,
0x64da67a12a46f1ddf337393e2da12ed0a507ad3d_binance_smart,
0x36f2fd027f5f27c59b8c6d64df64bcc8e8c97777_binance_smart,
metal-dollar,
0xf988f63bf26c3ed3fbf39922149e3e7b1e5c27cb_ronin,
0xfad8cb754230dbfd249db0e8eccb5142dd675a0d_base,
cigarette-token,
EpXtn6xGoZ4Y45vRjiDUHSCGbBoJD5FaEqZbF98YswH1_solana,
0xf1c599e9a5fbdea408a7409c0176a2fe42c64444_binance_smart,
0xf477ac7719e2e659001455cdda0cc8f3ad10b604_ethereum,
cetes,
iFoGoY5nMWpuMJogR7xjUAWDJtygHDF17zREeP4MKuD_fogo,
solberg,
vita-inu,
fold,
npro,
ApZuxdpzMrbEYTGEzeY9afh5pj9d6qPRJCTgQYiipbKg_solana,
wanusdt,
usdfi-stable,
apriori-monad-lst,
8lends,
0xdfa208bb0b811cfbb5fa3ea98ec37aa86180e668_ethereum,
2z1p8xCEjRzpBHjXWrx4tJnz7BFL6z7NnvbCxH7bpump_solana,
arbidoge,
wrapped-pokt,
cypher-tempre,
0x7636d8722fdf7cd34232a915e48e96aa3eb386bf_ethereum,
empyreal,
egoS1kE1g4JuExTcvG6bB6cg5LWpACQ469uk6DTMuJq_solana,
proshares-ultrapro-qqq-etf-rstock,
anome,
synapse-bridged-usdc-elastos,
toto-3,
ansem-cat,
beets,
mecca,
ibm-bstocks-tokenized-stock,
GCa9TZMK9Q3VUSkhZgX76YAQBjqQd1dPxkBnZojFpump_solana,
unibot,
wrapped-ikas-zealous-swap,
netflix-robinhood-tokenized-stock,
robinhood-markets-backpack-securities,
0xe9a97b0798b1649045c1d7114f8c432846828404_ethereum,
0x2e45bed32903ea421edd9f53f4b895683bf84444_binance_smart,
EmcxFTNVDqyLHp11NvwvLZ4D7LKGbG9i7B8RF7dwpump_solana,
0xb3d6e9e142a785ea8a4f0050fee73bcc3438c5c5_ethereum,
